# Host: 192.168.1.238  (Version: 5.6.20)
# Date: 2017-07-28 13:51:16
# Generator: MySQL-Front 5.3  (Build 2.42)

/*!40101 SET @OLD_CHARACTER_SET_CLIENT=@@CHARACTER_SET_CLIENT */;
/*!40101 SET @OLD_CHARACTER_SET_RESULTS=@@CHARACTER_SET_RESULTS */;
/*!40101 SET @OLD_COLLATION_CONNECTION=@@COLLATION_CONNECTION */;
/*!40101 SET NAMES utf8 */;
/*!40101 SET @OLD_SQL_MODE=@@SQL_MODE */;
/*!40101 SET SQL_MODE='STRICT_TRANS_TABLES,NO_ENGINE_SUBSTITUTION' */;
/*!40111 SET @OLD_SQL_NOTES=@@SQL_NOTES */;
/*!40103 SET SQL_NOTES='ON' */;

DROP DATABASE IF EXISTS `nearbybooks`;
CREATE DATABASE `nearbybooks` /*!40100 DEFAULT CHARACTER SET utf8 */;
USE `nearbybooks`;

#
# Source for table "admin_omsslog"
#

DROP TABLE IF EXISTS `admin_omsslog`;
CREATE TABLE `admin_omsslog` (
  `OMSSLOG_ID` int(11) NOT NULL AUTO_INCREMENT,
  `OMSS_USERID` varchar(100) DEFAULT NULL,
  `OMSS_USERNAME` varchar(50) DEFAULT NULL,
  `CREATE_DATE` varchar(32) DEFAULT NULL,
  `OPERATE_TYPE` varchar(255) DEFAULT NULL,
  `BUSINESS` varchar(255) DEFAULT NULL,
  `OPERATE_RESULT` varchar(255) DEFAULT NULL,
  `OPERATE_CONTENT` varchar(255) DEFAULT NULL,
  PRIMARY KEY (`OMSSLOG_ID`)
) ENGINE=InnoDB AUTO_INCREMENT=16 DEFAULT CHARSET=utf8;

#
# Data for table "admin_omsslog"
#

INSERT INTO `admin_omsslog` VALUES (1,'42b4f0d671c142698c6df69614186417','etmrzwt','2017-05-25 17:32:12','1','课程模块','0','修改  让谁先吃好呢？ 课程'),(2,'42b4f0d671c142698c6df69614186417','etmrzwt','2017-05-25 17:50:32','1','课程模块','0','删除  48 课程'),(3,'42b4f0d671c142698c6df69614186417','etmrzwt','2017-05-25 17:51:56','1','课程模块','0','新增  让谁先吃好呢？ 课程'),(4,'42b4f0d671c142698c6df69614186417','etmrzwt','2017-05-25 17:57:28','1','上课时间模块','0','修改  null 时间'),(5,'42b4f0d671c142698c6df69614186417','etmrzwt','2017-05-25 18:40:05','1','上课时间模块','0','新增  null 时间'),(6,'42b4f0d671c142698c6df69614186417','etmrzwt','2017-05-25 18:42:39','1','课程模块','0','删除  62 课程'),(7,'42b4f0d671c142698c6df69614186417','etmrzwt','2017-05-25 18:44:57','1','课程模块','0','新增  分一分来数一数 课程'),(8,'42b4f0d671c142698c6df69614186417','etmrzwt','2017-05-25 18:47:15','1','课程模块','0','删除  105 课程'),(9,'42b4f0d671c142698c6df69614186417','etmrzwt','2017-05-25 18:49:49','1','课程模块','0','新增  认识半点 课程'),(10,'42b4f0d671c142698c6df69614186417','etmrzwt','2017-05-25 18:50:11','1','课程模块','0','修改  让谁先吃好呢？ 课程'),(11,'13b4cf8b4c104fb0bc152d1aba71fc21','etmrrgl','2017-06-02 17:38:41','1','大赛模块','0','修改  媒体互动教学大赛 大赛'),(12,'13b4cf8b4c104fb0bc152d1aba71fc21','etmrrgl','2017-06-02 17:49:22','1','课程模块','0','修改  认识半点 课程'),(13,'13b4cf8b4c104fb0bc152d1aba71fc21','etmrrgl','2017-06-02 17:49:43','1','课程模块','0','修改  让谁先吃好呢？ 课程'),(14,'13b4cf8b4c104fb0bc152d1aba71fc21','etmrrgl','2017-06-02 17:50:44','1','课程模块','0','修改  趣聊中华姓 初探自家门 课程'),(15,'13b4cf8b4c104fb0bc152d1aba71fc21','etmrrgl','2017-06-02 17:51:13','1','课程模块','0','修改  Choosing a new flat 课程');

#
# Source for table "admin_onlinelog"
#

DROP TABLE IF EXISTS `admin_onlinelog`;
CREATE TABLE `admin_onlinelog` (
  `ONLINE_ID` int(11) NOT NULL AUTO_INCREMENT,
  `ONLINE_USERID` varchar(100) DEFAULT NULL,
  `ONLINE_USERNAME` varchar(50) DEFAULT NULL,
  `BEGIN_DATE` varchar(32) DEFAULT NULL,
  `END_DATE` varchar(50) DEFAULT NULL,
  `ONLINE_COUNTE` varchar(50) DEFAULT NULL,
  `USER_IP` varchar(50) DEFAULT NULL,
  PRIMARY KEY (`ONLINE_ID`)
) ENGINE=InnoDB AUTO_INCREMENT=438 DEFAULT CHARSET=utf8;

#
# Data for table "admin_onlinelog"
#

INSERT INTO `admin_onlinelog` VALUES (1,'42b4f0d671c142698c6df69614186417','etmrzwt','2017-05-25 18:05:41','','在线登录','106.38.110.36'),(2,'42b4f0d671c142698c6df69614186417','etmrzwt','2017-05-25 22:14:20','','在线登录','111.8.8.62'),(3,'42b4f0d671c142698c6df69614186417','etmrzwt','2017-05-25 22:15:35','','在线登录','111.8.8.62'),(4,'42b4f0d671c142698c6df69614186417','etmrzwt','2017-05-25 22:16:16','','在线登录','223.104.170.254'),(5,'42b4f0d671c142698c6df69614186417','etmrzwt','2017-05-25 22:20:41','','在线登录','114.248.225.98'),(6,'42b4f0d671c142698c6df69614186417','etmrzwt','2017-05-25 22:23:23','','在线退出','223.104.170.254'),(7,'42b4f0d671c142698c6df69614186417','etmrzwt','2017-05-25 22:24:09','','在线登录','117.136.0.165'),(8,'42b4f0d671c142698c6df69614186417','etmrzwt','2017-05-25 22:24:10','','在线登录','111.8.8.62'),(9,'42b4f0d671c142698c6df69614186417','etmrzwt','2017-05-25 22:27:26','','在线登录','223.104.170.254'),(10,'42b4f0d671c142698c6df69614186417','etmrzwt','2017-05-25 22:34:02','','在线登录','223.104.170.254'),(11,'42b4f0d671c142698c6df69614186417','etmrzwt','2017-05-25 22:36:16','','在线登录','223.104.170.254'),(12,'42b4f0d671c142698c6df69614186417','etmrzwt','2017-05-25 22:39:51','','在线登录','111.8.8.62'),(13,'42b4f0d671c142698c6df69614186417','etmrzwt','2017-05-25 22:44:58','','在线登录','114.248.225.98'),(14,'42b4f0d671c142698c6df69614186417','etmrzwt','2017-05-25 23:04:42','','在线登录','114.242.250.38'),(15,'42b4f0d671c142698c6df69614186417','etmrzwt','2017-05-25 23:06:04','','在线登录','114.242.250.38'),(16,'42b4f0d671c142698c6df69614186417','etmrzwt','2017-05-25 23:07:28','','在线登录','114.242.250.38'),(17,'42b4f0d671c142698c6df69614186417','etmrzwt','2017-05-25 23:08:49','','在线登录','114.242.250.38'),(18,'42b4f0d671c142698c6df69614186417','etmrzwt','2017-05-25 23:14:37','','在线登录','223.104.170.254'),(19,'a272221100cd4ee895a7c3758017f446','chenmeiling','2017-05-25 23:15:35','','在线登录','223.104.170.254'),(20,'42b4f0d671c142698c6df69614186417','etmrzwt','2017-05-25 23:23:50','','在线登录','114.248.225.98'),(21,'42b4f0d671c142698c6df69614186417','etmrzwt','2017-05-25 23:31:28','','在线登录','183.6.230.97'),(22,'42b4f0d671c142698c6df69614186417','etmrzwt','2017-05-25 23:31:55','','在线登录','113.105.168.129'),(23,'42b4f0d671c142698c6df69614186417','etmrzwt','2017-05-25 23:39:40','','在线登录','113.105.168.129'),(24,'42b4f0d671c142698c6df69614186417','etmrzwt','2017-05-25 23:40:45','','在线登录','183.6.230.97'),(25,'42b4f0d671c142698c6df69614186417','etmrzwt','2017-05-25 23:57:34','','在线登录','183.6.230.97'),(26,'66835c8ea6264fdc9d7268d1d3f03c9e','xutong','2017-05-26 06:22:13','','在线登录','183.6.230.97'),(27,'66835c8ea6264fdc9d7268d1d3f03c9e','xutong','2017-05-26 06:25:59','','在线登录','183.6.230.97'),(28,'42b4f0d671c142698c6df69614186417','etmrzwt','2017-05-26 07:24:54','','在线登录','218.64.77.5'),(29,'42b4f0d671c142698c6df69614186417','etmrzwt','2017-05-26 08:21:44','','在线登录','218.64.77.5'),(30,'42b4f0d671c142698c6df69614186417','etmrzwt','2017-05-26 09:48:14','','在线登录','218.64.77.5'),(31,'42b4f0d671c142698c6df69614186417','etmrzwt','2017-05-26 09:52:00','','在线登录','106.38.110.36'),(32,'42b4f0d671c142698c6df69614186417','etmrzwt','2017-05-26 10:14:40','','在线登录','114.242.250.38'),(33,'42b4f0d671c142698c6df69614186417','etmrzwt','2017-05-26 10:23:54','','在线登录','106.38.110.36'),(34,'42b4f0d671c142698c6df69614186417','etmrzwt','2017-05-26 10:56:43','','在线登录','218.64.77.7'),(35,'42b4f0d671c142698c6df69614186417','etmrzwt','2017-05-26 10:58:17','','在线退出','106.38.110.36'),(36,'42b4f0d671c142698c6df69614186417','etmrzwt','2017-05-26 11:28:21','','在线登录','218.64.77.7'),(37,'42b4f0d671c142698c6df69614186417','etmrzwt','2017-05-26 11:57:18','','在线登录','106.38.110.36'),(38,'42b4f0d671c142698c6df69614186417','etmrzwt','2017-05-26 13:19:00','','在线登录','218.64.77.5'),(39,'42b4f0d671c142698c6df69614186417','etmrzwt','2017-05-26 14:09:27','','在线登录','218.64.77.7'),(40,'42b4f0d671c142698c6df69614186417','etmrzwt','2017-05-26 15:38:36','','在线登录','218.64.77.7'),(41,'42b4f0d671c142698c6df69614186417','etmrzwt','2017-05-26 18:17:40','','在线登录','114.242.250.38'),(42,'42b4f0d671c142698c6df69614186417','etmrzwt','2017-05-26 19:02:57','','在线登录','120.206.253.2'),(43,'a272221100cd4ee895a7c3758017f446','chenmeiling','2017-05-26 19:10:25','','在线登录','120.206.253.2'),(44,'42b4f0d671c142698c6df69614186417','etmrzwt','2017-05-26 19:30:31','','在线登录','120.206.253.2'),(45,'66835c8ea6264fdc9d7268d1d3f03c9e','xutong','2017-05-26 21:48:28','','在线登录','120.206.253.34'),(46,'42b4f0d671c142698c6df69614186417','etmrzwt','2017-05-26 22:34:37','','在线登录','120.206.253.2'),(47,'66835c8ea6264fdc9d7268d1d3f03c9e','xutong','2017-05-26 23:05:36','','在线登录','120.206.253.34'),(48,'66835c8ea6264fdc9d7268d1d3f03c9e','xutong','2017-05-27 00:04:41','','在线登录','120.206.253.34'),(49,'42b4f0d671c142698c6df69614186417','etmrzwt','2017-05-27 00:05:55','','在线登录','120.206.253.34'),(50,'66835c8ea6264fdc9d7268d1d3f03c9e','xutong','2017-05-27 00:06:23','','在线登录','120.206.253.34'),(51,'66835c8ea6264fdc9d7268d1d3f03c9e','xutong','2017-05-27 01:15:48','','在线登录','120.206.253.34'),(52,'66835c8ea6264fdc9d7268d1d3f03c9e','xutong','2017-05-27 01:18:38','','在线登录','120.206.253.34'),(53,'42b4f0d671c142698c6df69614186417','etmrzwt','2017-05-27 02:55:11','','在线登录','120.206.253.34'),(54,'42b4f0d671c142698c6df69614186417','etmrzwt','2017-05-27 13:06:37','','在线登录','120.206.253.34'),(55,'42b4f0d671c142698c6df69614186417','etmrzwt','2017-05-31 15:36:04','','在线登录','106.38.110.36'),(56,'66835c8ea6264fdc9d7268d1d3f03c9e','xutong','2017-05-31 18:15:08','','在线登录','106.38.110.36'),(57,'66835c8ea6264fdc9d7268d1d3f03c9e','xutong','2017-05-31 21:02:06','','在线登录','114.243.44.51'),(58,'42b4f0d671c142698c6df69614186417','etmrzwt','2017-06-01 09:56:13','','在线登录','106.38.110.36'),(59,'ac88d702d1d24f40b47f4d41ca1f4d7f','etmrlm','2017-06-01 10:16:02','','在线登录','192.168.1.134'),(60,'ac88d702d1d24f40b47f4d41ca1f4d7f','etmrlm','2017-06-01 11:42:29','','在线登录','192.168.1.134'),(61,'ac88d702d1d24f40b47f4d41ca1f4d7f','etmrlm','2017-06-01 11:52:08','','在线登录','192.168.1.134'),(62,'273e25a54c384ae0a510b4afca604f39','ZYC','2017-06-02 09:29:16','','在线登录','192.168.1.63'),(63,'13b4cf8b4c104fb0bc152d1aba71fc21','etmrrgl','2017-06-02 17:24:54','','在线登录','192.168.1.77'),(64,'42b4f0d671c142698c6df69614186417','etmrzwt','2017-06-03 15:46:44','','在线登录','192.168.1.49'),(65,'273e25a54c384ae0a510b4afca604f39','ZYC','2017-06-05 09:17:18','','在线登录','192.168.1.63'),(66,'273e25a54c384ae0a510b4afca604f39','ZYC','2017-06-05 12:01:54','','在线登录','192.168.1.63'),(67,'273e25a54c384ae0a510b4afca604f39','ZYC','2017-06-05 14:23:19','','在线登录','192.168.1.63'),(68,'42b4f0d671c142698c6df69614186417','etmrzwt','2017-06-05 14:29:48','','在线登录','192.168.9.108'),(69,'42b4f0d671c142698c6df69614186417','etmrzwt','2017-06-05 14:34:43','','在线登录','192.168.1.72'),(70,'c7882251cb79492c9d32eb3b199e3645','etmryj','2017-06-07 14:54:08','','在线登录','192.168.1.72'),(71,'273e25a54c384ae0a510b4afca604f39','ZYC','2017-06-07 15:20:15','','在线登录','192.168.1.20'),(72,'273e25a54c384ae0a510b4afca604f39','ZYC','2017-06-07 17:22:32','','在线登录','192.168.1.63'),(73,'42b4f0d671c142698c6df69614186417','etmrzwt','2017-06-16 15:11:15','','在线登录','192.168.1.155'),(74,'42b4f0d671c142698c6df69614186417','etmrzwt','2017-06-16 16:29:16','','在线登录','192.168.1.155'),(75,'42b4f0d671c142698c6df69614186417','etmrzwt','2017-06-16 16:43:41','','在线登录','192.168.1.155'),(76,'42b4f0d671c142698c6df69614186417','etmrzwt','2017-06-16 16:44:39','','在线退出','192.168.1.155'),(77,'42b4f0d671c142698c6df69614186417','etmrzwt','2017-06-16 16:44:57','','在线登录','192.168.1.155'),(78,'66835c8ea6264fdc9d7268d1d3f03c9e','zd','2017-06-16 16:48:19','','在线登录','192.168.1.155'),(79,'66835c8ea6264fdc9d7268d1d3f03c9e','zd','2017-06-16 16:48:41','','在线退出','192.168.1.155'),(80,'42b4f0d671c142698c6df69614186417','zwt','2017-06-16 16:52:25','','在线登录','192.168.1.155'),(81,'42b4f0d671c142698c6df69614186417','zwt','2017-06-16 17:08:15','','在线退出','192.168.1.155'),(82,'42b4f0d671c142698c6df69614186417','zwt','2017-06-16 17:14:40','','在线登录','192.168.1.155'),(83,'42b4f0d671c142698c6df69614186417','zwt','2017-06-16 17:17:28','','在线登录','192.168.1.155'),(84,'42b4f0d671c142698c6df69614186417','zwt','2017-06-16 17:22:45','','在线退出','192.168.1.155'),(85,'66835c8ea6264fdc9d7268d1d3f03c9e','zd','2017-06-16 17:29:59','','在线登录','192.168.0.4'),(86,'66835c8ea6264fdc9d7268d1d3f03c9e','zd','2017-06-16 17:30:16','','在线登录','192.168.0.4'),(87,'66835c8ea6264fdc9d7268d1d3f03c9e','zd','2017-06-16 17:32:26','','在线退出','192.168.0.4'),(88,'69177258a06e4927b4639ab1684c3321','admin','2017-06-16 17:32:50','','在线登录','192.168.0.4'),(89,'69177258a06e4927b4639ab1684c3321','admin','2017-06-16 17:46:39','','在线登录','192.168.0.4'),(90,'42b4f0d671c142698c6df69614186417','zwt','2017-06-16 17:52:01','','在线登录','192.168.1.155'),(91,'66835c8ea6264fdc9d7268d1d3f03c9e','zd','2017-06-16 17:59:07','','在线登录','127.0.0.1'),(92,'42b4f0d671c142698c6df69614186417','zwt','2017-06-19 09:27:31','','在线登录','192.168.1.155'),(93,'42b4f0d671c142698c6df69614186417','zwt','2017-06-19 09:32:16','','在线登录','192.168.1.155'),(94,'66835c8ea6264fdc9d7268d1d3f03c9e','zd','2017-06-19 10:21:39','','在线登录','192.168.0.13'),(95,'66835c8ea6264fdc9d7268d1d3f03c9e','zd','2017-06-19 10:21:39','','在线登录','192.168.0.13'),(96,'66835c8ea6264fdc9d7268d1d3f03c9e','zd','2017-06-19 10:21:39','','在线登录','192.168.0.13'),(97,'42b4f0d671c142698c6df69614186417','zwt','2017-06-19 14:34:48','','在线登录','192.168.1.155'),(98,'42b4f0d671c142698c6df69614186417','zwt','2017-06-19 14:34:48','','在线登录','192.168.1.155'),(99,'42b4f0d671c142698c6df69614186417','zwt','2017-06-19 14:38:09','','在线登录','192.168.1.155'),(100,'42b4f0d671c142698c6df69614186417','zwt','2017-06-19 14:42:02','','在线退出','192.168.1.155'),(101,'42b4f0d671c142698c6df69614186417','zwt','2017-06-19 14:44:04','','在线登录','192.168.1.155'),(102,'42b4f0d671c142698c6df69614186417','zwt','2017-06-19 15:17:40','','在线登录','192.168.1.155'),(103,'42b4f0d671c142698c6df69614186417','zwt','2017-06-19 15:29:17','','在线退出','192.168.1.155'),(104,'42b4f0d671c142698c6df69614186417','zwt','2017-06-19 16:07:10','','在线登录','192.168.1.155'),(105,'42b4f0d671c142698c6df69614186417','zwt','2017-06-19 16:07:52','','在线登录','192.168.1.155'),(106,'42b4f0d671c142698c6df69614186417','zwt','2017-06-19 16:27:31','','在线登录','192.168.1.155'),(107,'66835c8ea6264fdc9d7268d1d3f03c9e','zd','2017-06-19 17:04:24','','在线登录','192.168.1.155'),(108,'66835c8ea6264fdc9d7268d1d3f03c9e','zd','2017-06-19 17:05:49','','在线退出','192.168.1.155'),(109,'66835c8ea6264fdc9d7268d1d3f03c9e','zd','2017-06-19 17:07:02','','在线登录','192.168.1.155'),(110,'66835c8ea6264fdc9d7268d1d3f03c9e','zd','2017-06-19 17:07:07','','在线退出','192.168.1.155'),(111,'66835c8ea6264fdc9d7268d1d3f03c9e','zd','2017-06-19 17:07:15','','在线登录','192.168.1.155'),(112,'66835c8ea6264fdc9d7268d1d3f03c9e','zd','2017-06-19 17:23:27','','在线登录','192.168.0.13'),(113,'66835c8ea6264fdc9d7268d1d3f03c9e','zd','2017-06-19 17:40:59','','在线登录','192.168.0.13'),(114,'66835c8ea6264fdc9d7268d1d3f03c9e','zd','2017-06-20 13:45:09','','在线登录','192.168.0.13'),(115,'42b4f0d671c142698c6df69614186417','zwt','2017-06-21 14:33:23','','在线登录','192.168.1.155'),(116,'42b4f0d671c142698c6df69614186417','zwt','2017-06-21 14:38:12','','在线登录','192.168.1.155'),(117,'42b4f0d671c142698c6df69614186417','zwt','2017-06-21 14:41:02','','在线登录','192.168.1.155'),(118,'42b4f0d671c142698c6df69614186417','zwt','2017-06-21 14:46:40','','在线登录','192.168.1.155'),(119,'66835c8ea6264fdc9d7268d1d3f03c9e','zd','2017-06-21 14:55:13','','在线登录','127.0.0.1'),(120,'66835c8ea6264fdc9d7268d1d3f03c9e','zd','2017-06-22 09:14:46','','在线登录','192.168.0.13'),(121,'66835c8ea6264fdc9d7268d1d3f03c9e','zd','2017-06-22 09:29:54','','在线登录','192.168.0.13'),(122,'66835c8ea6264fdc9d7268d1d3f03c9e','zd','2017-06-26 10:06:21','','在线登录','192.168.0.12'),(123,'42b4f0d671c142698c6df69614186417','zwt','2017-06-26 12:01:30','','在线登录','192.168.1.155'),(124,'42b4f0d671c142698c6df69614186417','zwt','2017-06-26 13:46:49','','在线登录','192.168.1.20'),(125,'42b4f0d671c142698c6df69614186417','zwt','2017-06-26 13:46:49','','在线登录','192.168.1.20'),(126,'13b4cf8b4c104fb0bc152d1aba71fc21','etmrrgl','2017-06-27 15:53:31','','在线登录','192.168.1.20'),(127,'42b4f0d671c142698c6df69614186417','zwt','2017-06-27 17:08:31','','在线登录','192.168.1.155'),(128,'42b4f0d671c142698c6df69614186417','zwt','2017-06-27 17:18:57','','在线登录','192.168.1.155'),(129,'42b4f0d671c142698c6df69614186417','zwt','2017-06-27 17:23:47','','在线登录','192.168.1.155'),(130,'42b4f0d671c142698c6df69614186417','zwt','2017-06-27 17:36:01','','在线登录','192.168.1.155'),(131,'42b4f0d671c142698c6df69614186417','zwt','2017-06-27 17:36:56','','在线登录','192.168.1.155'),(132,'42b4f0d671c142698c6df69614186417','zwt','2017-06-27 17:42:19','','在线登录','192.168.1.155'),(133,'42b4f0d671c142698c6df69614186417','zwt','2017-06-27 17:46:48','','在线登录','192.168.1.155'),(134,'42b4f0d671c142698c6df69614186417','zwt','2017-06-27 17:47:43','','在线登录','192.168.1.155'),(135,'66835c8ea6264fdc9d7268d1d3f03c9e','zd','2017-06-27 17:54:15','','在线登录','192.168.0.12'),(136,'13b4cf8b4c104fb0bc152d1aba71fc21','rgl','2017-06-29 10:17:06','','在线登录','192.168.1.20'),(137,'13b4cf8b4c104fb0bc152d1aba71fc21','rgl','2017-06-29 10:28:29','','在线登录','192.168.1.20'),(138,'66835c8ea6264fdc9d7268d1d3f03c9e','zd','2017-06-29 10:59:36','','在线登录','192.168.0.12'),(139,'66835c8ea6264fdc9d7268d1d3f03c9e','zd','2017-06-29 11:48:11','','在线登录','192.168.0.12'),(140,'66835c8ea6264fdc9d7268d1d3f03c9e','zd','2017-06-29 11:49:55','','在线登录','192.168.0.12'),(141,'66835c8ea6264fdc9d7268d1d3f03c9e','zd','2017-06-29 11:54:56','','在线登录','192.168.0.12'),(142,'13b4cf8b4c104fb0bc152d1aba71fc21','rgl','2017-06-29 14:23:28','','在线登录','192.168.1.20'),(143,'66835c8ea6264fdc9d7268d1d3f03c9e','zd','2017-06-29 14:43:46','','在线登录','192.168.0.12'),(144,'42b4f0d671c142698c6df69614186417','zwt','2017-06-29 15:20:17','','在线登录','192.168.1.155'),(145,'42b4f0d671c142698c6df69614186417','zwt','2017-06-29 15:28:40','','在线登录','192.168.1.155'),(146,'42b4f0d671c142698c6df69614186417','zwt','2017-06-29 15:29:45','','在线退出','192.168.1.155'),(147,'13b4cf8b4c104fb0bc152d1aba71fc21','rgl','2017-06-30 11:40:51','','在线登录','192.168.1.20'),(148,'13b4cf8b4c104fb0bc152d1aba71fc21','rgl','2017-07-04 09:57:26','','在线登录','192.168.1.20'),(149,'13b4cf8b4c104fb0bc152d1aba71fc21','rgl','2017-07-04 09:57:38','','在线退出','192.168.1.20'),(150,'13b4cf8b4c104fb0bc152d1aba71fc21','rgl','2017-07-04 09:57:49','','在线登录','192.168.1.20'),(151,'13b4cf8b4c104fb0bc152d1aba71fc21','rgl','2017-07-04 09:58:36','','在线退出','192.168.1.20'),(152,'13b4cf8b4c104fb0bc152d1aba71fc21','rgl','2017-07-04 10:00:08','','在线登录','192.168.1.20'),(153,'13b4cf8b4c104fb0bc152d1aba71fc21','rgl','2017-07-04 16:05:46','','在线登录','192.168.1.20'),(154,'66835c8ea6264fdc9d7268d1d3f03c9e','zd','2017-07-04 17:32:41','','在线登录','192.168.9.113'),(155,'66835c8ea6264fdc9d7268d1d3f03c9e','zd','2017-07-05 09:52:59','','在线登录','192.168.9.115'),(156,'13b4cf8b4c104fb0bc152d1aba71fc21','rgl','2017-07-05 10:35:08','','在线登录','192.168.1.20'),(157,'13b4cf8b4c104fb0bc152d1aba71fc21','rgl','2017-07-05 10:46:35','','在线登录','192.168.1.20'),(158,'42b4f0d671c142698c6df69614186417','zwt','2017-07-05 11:10:25','','在线登录','192.168.1.155'),(159,'13b4cf8b4c104fb0bc152d1aba71fc21','rgl','2017-07-06 10:07:18','','在线登录','192.168.1.20'),(160,'66835c8ea6264fdc9d7268d1d3f03c9e','zd','2017-07-06 10:37:23','','在线登录','192.168.9.117'),(161,'66835c8ea6264fdc9d7268d1d3f03c9e','zd','2017-07-06 10:37:25','','在线登录','192.168.9.117'),(162,'66835c8ea6264fdc9d7268d1d3f03c9e','zd','2017-07-06 10:37:28','','在线登录','192.168.9.117'),(163,'66835c8ea6264fdc9d7268d1d3f03c9e','zd','2017-07-06 10:37:30','','在线登录','192.168.9.117'),(164,'66835c8ea6264fdc9d7268d1d3f03c9e','zd','2017-07-06 10:37:31','','在线登录','192.168.9.117'),(165,'66835c8ea6264fdc9d7268d1d3f03c9e','zd','2017-07-06 10:38:18','','在线登录','192.168.9.117'),(166,'66835c8ea6264fdc9d7268d1d3f03c9e','zd','2017-07-06 10:38:20','','在线登录','192.168.9.117'),(167,'66835c8ea6264fdc9d7268d1d3f03c9e','zd','2017-07-06 10:38:24','','在线登录','192.168.9.117'),(168,'66835c8ea6264fdc9d7268d1d3f03c9e','zd','2017-07-06 10:38:35','','在线登录','192.168.9.117'),(169,'66835c8ea6264fdc9d7268d1d3f03c9e','zd','2017-07-06 10:41:16','','在线登录','192.168.9.117'),(170,'66835c8ea6264fdc9d7268d1d3f03c9e','zd','2017-07-06 10:41:20','','在线登录','192.168.9.117'),(171,'42b4f0d671c142698c6df69614186417','zwt','2017-07-06 10:51:51','','在线登录','192.168.1.155'),(172,'42b4f0d671c142698c6df69614186417','zwt','2017-07-06 10:54:52','','在线退出','192.168.1.155'),(173,'42b4f0d671c142698c6df69614186417','zwt','2017-07-06 10:56:31','','在线登录','192.168.1.155'),(174,'42b4f0d671c142698c6df69614186417','zwt','2017-07-06 10:59:43','','在线退出','192.168.1.155'),(175,'42b4f0d671c142698c6df69614186417','zwt','2017-07-06 11:00:38','','在线登录','192.168.1.155'),(176,'42b4f0d671c142698c6df69614186417','zwt','2017-07-06 11:00:43','','在线退出','192.168.1.155'),(177,'66835c8ea6264fdc9d7268d1d3f03c9e','zd','2017-07-06 11:07:47','','在线登录','192.168.9.117'),(178,'13b4cf8b4c104fb0bc152d1aba71fc21','rgl','2017-07-06 13:28:13','','在线登录','192.168.1.20'),(179,'13b4cf8b4c104fb0bc152d1aba71fc21','rgl','2017-07-06 15:29:29','','在线登录','192.168.1.20'),(180,'13b4cf8b4c104fb0bc152d1aba71fc21','rgl','2017-07-06 15:34:17','','在线登录','192.168.1.20'),(181,'13b4cf8b4c104fb0bc152d1aba71fc21','rgl','2017-07-06 15:38:05','','在线登录','192.168.1.20'),(182,'13b4cf8b4c104fb0bc152d1aba71fc21','rgl','2017-07-06 15:40:52','','在线登录','192.168.1.20'),(183,'13b4cf8b4c104fb0bc152d1aba71fc21','rgl','2017-07-06 15:46:40','','在线登录','192.168.1.20'),(184,'13b4cf8b4c104fb0bc152d1aba71fc21','rgl','2017-07-06 16:44:14','','在线登录','192.168.1.20'),(185,'42b4f0d671c142698c6df69614186417','zwt','2017-07-06 16:55:54','','在线登录','192.168.1.155'),(186,'13b4cf8b4c104fb0bc152d1aba71fc21','rgl','2017-07-06 17:18:37','','在线登录','192.168.1.20'),(187,'13b4cf8b4c104fb0bc152d1aba71fc21','rgl','2017-07-06 17:21:09','','在线登录','192.168.1.20'),(188,'13b4cf8b4c104fb0bc152d1aba71fc21','rgl','2017-07-06 17:23:22','','在线登录','192.168.1.20'),(189,'13b4cf8b4c104fb0bc152d1aba71fc21','rgl','2017-07-06 17:30:02','','在线登录','192.168.1.20'),(190,'13b4cf8b4c104fb0bc152d1aba71fc21','rgl','2017-07-06 17:33:04','','在线登录','192.168.1.20'),(191,'13b4cf8b4c104fb0bc152d1aba71fc21','rgl','2017-07-06 17:43:57','','在线登录','192.168.1.20'),(192,'66835c8ea6264fdc9d7268d1d3f03c9e','zd','2017-07-07 09:20:55','','在线登录','192.168.0.13'),(193,'66835c8ea6264fdc9d7268d1d3f03c9e','zd','2017-07-07 09:34:19','','在线登录','192.168.0.13'),(194,'13b4cf8b4c104fb0bc152d1aba71fc21','rgl','2017-07-07 10:33:29','','在线登录','192.168.1.20'),(195,'13b4cf8b4c104fb0bc152d1aba71fc21','rgl','2017-07-07 10:36:02','','在线登录','192.168.1.20'),(196,'13b4cf8b4c104fb0bc152d1aba71fc21','rgl','2017-07-07 10:36:42','','在线登录','192.168.1.20'),(197,'13b4cf8b4c104fb0bc152d1aba71fc21','rgl','2017-07-07 10:38:30','','在线登录','192.168.1.20'),(198,'13b4cf8b4c104fb0bc152d1aba71fc21','rgl','2017-07-07 10:38:30','','在线登录','192.168.1.20'),(199,'13b4cf8b4c104fb0bc152d1aba71fc21','rgl','2017-07-07 10:41:27','','在线登录','192.168.1.20'),(200,'13b4cf8b4c104fb0bc152d1aba71fc21','rgl','2017-07-07 10:42:47','','在线登录','192.168.1.20'),(201,'66835c8ea6264fdc9d7268d1d3f03c9e','zd','2017-07-07 10:58:07','','在线登录','192.168.0.13'),(202,'13b4cf8b4c104fb0bc152d1aba71fc21','rgl','2017-07-07 11:06:51','','在线登录','192.168.1.20'),(203,'13b4cf8b4c104fb0bc152d1aba71fc21','rgl','2017-07-07 15:46:24','','在线登录','192.168.1.20'),(204,'13b4cf8b4c104fb0bc152d1aba71fc21','rgl','2017-07-07 15:47:51','','在线登录','192.168.1.20'),(205,'13b4cf8b4c104fb0bc152d1aba71fc21','rgl','2017-07-07 15:51:41','','在线登录','192.168.1.20'),(206,'42b4f0d671c142698c6df69614186417','zwt','2017-07-07 16:30:28','','在线登录','192.168.1.155'),(207,'42b4f0d671c142698c6df69614186417','zwt','2017-07-07 16:54:24','','在线登录','192.168.1.155'),(208,'66835c8ea6264fdc9d7268d1d3f03c9e','zd','2017-07-10 10:05:23','','在线登录','192.168.0.6'),(209,'42b4f0d671c142698c6df69614186417','zwt','2017-07-10 10:45:52','','在线登录','192.168.1.155'),(210,'42b4f0d671c142698c6df69614186417','zwt','2017-07-10 14:13:29','','在线登录','192.168.1.155'),(211,'66835c8ea6264fdc9d7268d1d3f03c9e','zd','2017-07-10 15:52:42','','在线登录','192.168.0.6'),(212,'13b4cf8b4c104fb0bc152d1aba71fc21','rgl','2017-07-10 16:55:40','','在线登录','192.168.1.20'),(213,'42b4f0d671c142698c6df69614186417','zwt','2017-07-10 17:00:01','','在线登录','192.168.1.155'),(214,'13b4cf8b4c104fb0bc152d1aba71fc21','rgl','2017-07-10 17:00:46','','在线登录','192.168.1.20'),(215,'13b4cf8b4c104fb0bc152d1aba71fc21','rgl','2017-07-10 17:03:02','','在线登录','192.168.1.20'),(216,'42b4f0d671c142698c6df69614186417','zwt','2017-07-10 17:27:15','','在线登录','192.168.1.155'),(217,'42b4f0d671c142698c6df69614186417','zwt','2017-07-10 17:30:37','','在线登录','192.168.1.155'),(218,'13b4cf8b4c104fb0bc152d1aba71fc21','rgl','2017-07-10 17:47:55','','在线登录','192.168.1.20'),(219,'13b4cf8b4c104fb0bc152d1aba71fc21','rgl','2017-07-10 17:50:55','','在线登录','192.168.1.20'),(220,'42b4f0d671c142698c6df69614186417','zwt','2017-07-10 17:52:21','','在线登录','192.168.1.155'),(221,'13b4cf8b4c104fb0bc152d1aba71fc21','rgl','2017-07-10 18:03:13','','在线登录','192.168.1.20'),(222,'13b4cf8b4c104fb0bc152d1aba71fc21','rgl','2017-07-10 18:04:22','','在线登录','192.168.1.20'),(223,'13b4cf8b4c104fb0bc152d1aba71fc21','rgl','2017-07-11 08:47:33','','在线登录','192.168.1.20'),(224,'13b4cf8b4c104fb0bc152d1aba71fc21','rgl','2017-07-11 09:23:48','','在线登录','192.168.1.20'),(225,'13b4cf8b4c104fb0bc152d1aba71fc21','rgl','2017-07-11 09:39:12','','在线登录','192.168.1.20'),(226,'13b4cf8b4c104fb0bc152d1aba71fc21','rgl','2017-07-11 09:42:01','','在线登录','192.168.1.20'),(227,'13b4cf8b4c104fb0bc152d1aba71fc21','rgl','2017-07-11 09:47:35','','在线登录','192.168.1.20'),(228,'13b4cf8b4c104fb0bc152d1aba71fc21','rgl','2017-07-11 09:51:08','','在线登录','192.168.1.20'),(229,'13b4cf8b4c104fb0bc152d1aba71fc21','rgl','2017-07-11 09:52:45','','在线登录','192.168.1.20'),(230,'13b4cf8b4c104fb0bc152d1aba71fc21','rgl','2017-07-11 09:54:31','','在线登录','192.168.1.20'),(231,'13b4cf8b4c104fb0bc152d1aba71fc21','rgl','2017-07-11 09:55:29','','在线登录','192.168.1.20'),(232,'13b4cf8b4c104fb0bc152d1aba71fc21','rgl','2017-07-11 09:56:50','','在线登录','192.168.1.20'),(233,'13b4cf8b4c104fb0bc152d1aba71fc21','rgl','2017-07-11 10:13:33','','在线登录','192.168.1.20'),(234,'13b4cf8b4c104fb0bc152d1aba71fc21','rgl','2017-07-11 10:19:34','','在线登录','192.168.1.20'),(235,'42b4f0d671c142698c6df69614186417','zwt','2017-07-11 10:22:39','','在线登录','192.168.1.155'),(236,'42b4f0d671c142698c6df69614186417','zwt','2017-07-11 10:26:04','','在线登录','192.168.1.155'),(237,'42b4f0d671c142698c6df69614186417','zwt','2017-07-11 10:28:35','','在线登录','192.168.1.155'),(238,'66835c8ea6264fdc9d7268d1d3f03c9e','zd','2017-07-11 10:32:57','','在线登录','192.168.0.6'),(239,'13b4cf8b4c104fb0bc152d1aba71fc21','rgl','2017-07-11 10:53:18','','在线登录','192.168.1.20'),(240,'42b4f0d671c142698c6df69614186417','zwt','2017-07-11 11:19:27','','在线登录','192.168.1.155'),(241,'42b4f0d671c142698c6df69614186417','zwt','2017-07-11 11:32:40','','在线登录','192.168.1.155'),(242,'13b4cf8b4c104fb0bc152d1aba71fc21','rgl','2017-07-11 14:07:55','','在线登录','192.168.1.20'),(243,'42b4f0d671c142698c6df69614186417','zwt','2017-07-11 14:25:14','','在线登录','192.168.1.155'),(244,'13b4cf8b4c104fb0bc152d1aba71fc21','rgl','2017-07-11 14:28:36','','在线登录','192.168.1.20'),(245,'13b4cf8b4c104fb0bc152d1aba71fc21','rgl','2017-07-11 14:31:18','','在线登录','192.168.1.20'),(246,'42b4f0d671c142698c6df69614186417','zwt','2017-07-11 14:46:06','','在线登录','192.168.1.155'),(247,'42b4f0d671c142698c6df69614186417','zwt','2017-07-11 14:48:37','','在线登录','192.168.1.155'),(248,'42b4f0d671c142698c6df69614186417','zwt','2017-07-11 14:59:01','','在线登录','192.168.1.155'),(249,'42b4f0d671c142698c6df69614186417','zwt','2017-07-11 15:10:27','','在线登录','192.168.1.155'),(250,'42b4f0d671c142698c6df69614186417','zwt','2017-07-11 15:12:07','','在线登录','192.168.1.155'),(251,'42b4f0d671c142698c6df69614186417','zwt','2017-07-11 15:16:48','','在线登录','192.168.1.155'),(252,'42b4f0d671c142698c6df69614186417','zwt','2017-07-11 15:24:23','','在线登录','192.168.1.155'),(253,'13b4cf8b4c104fb0bc152d1aba71fc21','rgl','2017-07-11 15:29:41','','在线登录','192.168.1.20'),(254,'13b4cf8b4c104fb0bc152d1aba71fc21','rgl','2017-07-11 15:31:32','','在线登录','192.168.1.20'),(255,'13b4cf8b4c104fb0bc152d1aba71fc21','rgl','2017-07-11 15:40:05','','在线登录','192.168.1.20'),(256,'13b4cf8b4c104fb0bc152d1aba71fc21','rgl','2017-07-11 15:53:13','','在线登录','192.168.1.20'),(257,'13b4cf8b4c104fb0bc152d1aba71fc21','rgl','2017-07-11 15:56:06','','在线登录','192.168.1.20'),(258,'13b4cf8b4c104fb0bc152d1aba71fc21','rgl','2017-07-11 16:07:17','','在线登录','192.168.1.20'),(259,'13b4cf8b4c104fb0bc152d1aba71fc21','rgl','2017-07-11 16:10:45','','在线登录','192.168.1.20'),(260,'13b4cf8b4c104fb0bc152d1aba71fc21','rgl','2017-07-11 16:12:43','','在线登录','192.168.1.20'),(261,'13b4cf8b4c104fb0bc152d1aba71fc21','rgl','2017-07-11 16:29:04','','在线登录','192.168.1.20'),(262,'13b4cf8b4c104fb0bc152d1aba71fc21','rgl','2017-07-11 16:31:47','','在线登录','192.168.1.20'),(263,'13b4cf8b4c104fb0bc152d1aba71fc21','rgl','2017-07-11 16:33:04','','在线登录','192.168.1.20'),(264,'13b4cf8b4c104fb0bc152d1aba71fc21','rgl','2017-07-12 09:12:24','','在线登录','192.168.1.20'),(265,'13b4cf8b4c104fb0bc152d1aba71fc21','rgl','2017-07-12 12:23:32','','在线登录','192.168.1.20'),(266,'13b4cf8b4c104fb0bc152d1aba71fc21','rgl','2017-07-12 12:26:33','','在线登录','192.168.1.20'),(267,'13b4cf8b4c104fb0bc152d1aba71fc21','rgl','2017-07-12 12:32:17','','在线登录','192.168.1.20'),(268,'13b4cf8b4c104fb0bc152d1aba71fc21','rgl','2017-07-12 13:12:07','','在线登录','192.168.1.20'),(269,'13b4cf8b4c104fb0bc152d1aba71fc21','rgl','2017-07-12 13:15:06','','在线登录','192.168.1.20'),(270,'13b4cf8b4c104fb0bc152d1aba71fc21','rgl','2017-07-12 13:16:16','','在线登录','192.168.1.20'),(271,'13b4cf8b4c104fb0bc152d1aba71fc21','rgl','2017-07-12 13:30:15','','在线登录','192.168.1.20'),(272,'66835c8ea6264fdc9d7268d1d3f03c9e','zd','2017-07-12 14:13:57','','在线登录','192.168.0.6'),(273,'66835c8ea6264fdc9d7268d1d3f03c9e','zd','2017-07-12 14:20:16','','在线登录','192.168.0.6'),(274,'66835c8ea6264fdc9d7268d1d3f03c9e','zd','2017-07-12 15:05:54','','在线登录','192.168.0.6'),(275,'13b4cf8b4c104fb0bc152d1aba71fc21','rgl','2017-07-12 15:07:52','','在线登录','192.168.1.20'),(276,'13b4cf8b4c104fb0bc152d1aba71fc21','rgl','2017-07-12 16:17:44','','在线登录','192.168.1.20'),(277,'66835c8ea6264fdc9d7268d1d3f03c9e','zd','2017-07-12 16:53:15','','在线登录','192.168.9.110'),(278,'13b4cf8b4c104fb0bc152d1aba71fc21','rgl','2017-07-12 16:53:52','','在线登录','192.168.1.20'),(279,'66835c8ea6264fdc9d7268d1d3f03c9e','zd','2017-07-12 16:58:16','','在线登录','192.168.9.110'),(280,'13b4cf8b4c104fb0bc152d1aba71fc21','rgl','2017-07-12 17:02:01','','在线登录','192.168.1.20'),(281,'13b4cf8b4c104fb0bc152d1aba71fc21','rgl','2017-07-12 17:04:41','','在线登录','192.168.1.20'),(282,'13b4cf8b4c104fb0bc152d1aba71fc21','rgl','2017-07-12 17:07:48','','在线登录','192.168.1.20'),(283,'13b4cf8b4c104fb0bc152d1aba71fc21','rgl','2017-07-12 17:14:00','','在线登录','192.168.1.20'),(284,'13b4cf8b4c104fb0bc152d1aba71fc21','rgl','2017-07-12 17:18:22','','在线登录','192.168.1.20'),(285,'13b4cf8b4c104fb0bc152d1aba71fc21','rgl','2017-07-12 17:23:02','','在线登录','192.168.1.20'),(286,'66835c8ea6264fdc9d7268d1d3f03c9e','zd','2017-07-12 17:54:22','','在线登录','192.168.9.110'),(287,'66835c8ea6264fdc9d7268d1d3f03c9e','zd','2017-07-12 17:54:22','','在线登录','192.168.9.110'),(288,'13b4cf8b4c104fb0bc152d1aba71fc21','rgl','2017-07-12 18:03:58','','在线登录','192.168.1.20'),(289,'13b4cf8b4c104fb0bc152d1aba71fc21','rgl','2017-07-13 09:04:19','','在线登录','127.0.0.1'),(290,'66835c8ea6264fdc9d7268d1d3f03c9e','zd','2017-07-13 09:55:03','','在线登录','192.168.9.110'),(291,'13b4cf8b4c104fb0bc152d1aba71fc21','rgl','2017-07-13 10:08:24','','在线登录','127.0.0.1'),(292,'13b4cf8b4c104fb0bc152d1aba71fc21','rgl','2017-07-13 10:09:48','','在线登录','127.0.0.1'),(293,'66835c8ea6264fdc9d7268d1d3f03c9e','zd','2017-07-13 10:09:59','','在线登录','192.168.9.110'),(294,'66835c8ea6264fdc9d7268d1d3f03c9e','zd','2017-07-13 10:09:59','','在线登录','192.168.9.110'),(295,'13b4cf8b4c104fb0bc152d1aba71fc21','rgl','2017-07-13 10:15:05','','在线登录','127.0.0.1'),(296,'66835c8ea6264fdc9d7268d1d3f03c9e','zd','2017-07-13 10:44:29','','在线登录','192.168.9.110'),(297,'42b4f0d671c142698c6df69614186417','zwt','2017-07-13 11:02:50','','在线登录','192.168.1.155'),(298,'13b4cf8b4c104fb0bc152d1aba71fc21','rgl','2017-07-13 11:04:49','','在线登录','127.0.0.1'),(299,'42b4f0d671c142698c6df69614186417','zwt','2017-07-13 11:19:12','','在线登录','192.168.1.155'),(300,'13b4cf8b4c104fb0bc152d1aba71fc21','rgl','2017-07-13 11:19:29','','在线登录','127.0.0.1'),(301,'42b4f0d671c142698c6df69614186417','zwt','2017-07-13 11:22:43','','在线登录','192.168.1.155'),(302,'42b4f0d671c142698c6df69614186417','zwt','2017-07-13 11:24:37','','在线登录','192.168.1.155'),(303,'13b4cf8b4c104fb0bc152d1aba71fc21','rgl','2017-07-13 11:26:59','','在线登录','127.0.0.1'),(304,'42b4f0d671c142698c6df69614186417','zwt','2017-07-13 11:29:37','','在线登录','192.168.1.155'),(305,'13b4cf8b4c104fb0bc152d1aba71fc21','rgl','2017-07-13 11:57:37','','在线登录','127.0.0.1'),(306,'13b4cf8b4c104fb0bc152d1aba71fc21','rgl','2017-07-13 11:59:08','','在线登录','127.0.0.1'),(307,'42b4f0d671c142698c6df69614186417','zwt','2017-07-13 12:01:53','','在线登录','192.168.1.155'),(308,'13b4cf8b4c104fb0bc152d1aba71fc21','rgl','2017-07-13 13:20:15','','在线登录','127.0.0.1'),(309,'66835c8ea6264fdc9d7268d1d3f03c9e','zd','2017-07-13 13:56:07','','在线登录','192.168.9.110'),(310,'42b4f0d671c142698c6df69614186417','zwt','2017-07-13 14:21:14','','在线登录','192.168.1.155'),(311,'42b4f0d671c142698c6df69614186417','zwt','2017-07-13 14:26:02','','在线登录','192.168.1.155'),(312,'13b4cf8b4c104fb0bc152d1aba71fc21','rgl','2017-07-13 15:55:43','','在线登录','127.0.0.1'),(313,'13b4cf8b4c104fb0bc152d1aba71fc21','rgl','2017-07-13 16:12:32','','在线登录','127.0.0.1'),(314,'42b4f0d671c142698c6df69614186417','zwt','2017-07-13 17:54:14','','在线登录','192.168.1.155'),(315,'42b4f0d671c142698c6df69614186417','zwt','2017-07-13 17:56:33','','在线登录','192.168.1.155'),(316,'42b4f0d671c142698c6df69614186417','zwt','2017-07-13 17:58:35','','在线登录','192.168.1.155'),(317,'13b4cf8b4c104fb0bc152d1aba71fc21','rgl','2017-07-13 18:11:34','','在线登录','127.0.0.1'),(318,'66835c8ea6264fdc9d7268d1d3f03c9e','zd','2017-07-14 09:49:24','','在线登录','192.168.0.6'),(319,'42b4f0d671c142698c6df69614186417','zwt','2017-07-14 10:18:40','','在线登录','192.168.1.155'),(320,'13b4cf8b4c104fb0bc152d1aba71fc21','rgl','2017-07-14 10:19:08','','在线登录','192.168.1.20'),(321,'13b4cf8b4c104fb0bc152d1aba71fc21','rgl','2017-07-14 10:22:41','','在线登录','192.168.1.20'),(322,'42b4f0d671c142698c6df69614186417','zwt','2017-07-14 10:23:30','','在线登录','192.168.1.155'),(323,'13b4cf8b4c104fb0bc152d1aba71fc21','rgl','2017-07-14 10:24:36','','在线登录','192.168.1.20'),(324,'42b4f0d671c142698c6df69614186417','zwt','2017-07-14 10:27:00','','在线登录','192.168.1.155'),(325,'13b4cf8b4c104fb0bc152d1aba71fc21','rgl','2017-07-14 10:28:27','','在线登录','192.168.1.20'),(326,'13b4cf8b4c104fb0bc152d1aba71fc21','rgl','2017-07-14 10:32:18','','在线登录','192.168.1.20'),(327,'13b4cf8b4c104fb0bc152d1aba71fc21','rgl','2017-07-14 10:33:42','','在线登录','192.168.1.20'),(328,'13b4cf8b4c104fb0bc152d1aba71fc21','rgl','2017-07-14 10:54:32','','在线登录','192.168.1.20'),(329,'13b4cf8b4c104fb0bc152d1aba71fc21','rgl','2017-07-14 10:56:30','','在线登录','192.168.1.20'),(330,'13b4cf8b4c104fb0bc152d1aba71fc21','rgl','2017-07-14 11:13:57','','在线登录','192.168.1.20'),(331,'13b4cf8b4c104fb0bc152d1aba71fc21','rgl','2017-07-14 11:20:03','','在线登录','192.168.1.20'),(332,'13b4cf8b4c104fb0bc152d1aba71fc21','rgl','2017-07-14 11:27:05','','在线登录','192.168.1.20'),(333,'13b4cf8b4c104fb0bc152d1aba71fc21','rgl','2017-07-14 11:34:04','','在线登录','192.168.1.20'),(334,'13b4cf8b4c104fb0bc152d1aba71fc21','rgl','2017-07-14 11:47:31','','在线登录','192.168.1.20'),(335,'13b4cf8b4c104fb0bc152d1aba71fc21','rgl','2017-07-14 13:24:46','','在线登录','192.168.1.20'),(336,'13b4cf8b4c104fb0bc152d1aba71fc21','rgl','2017-07-14 14:18:44','','在线登录','192.168.1.20'),(337,'66835c8ea6264fdc9d7268d1d3f03c9e','zd','2017-07-14 14:26:00','','在线登录','192.168.0.6'),(338,'13b4cf8b4c104fb0bc152d1aba71fc21','rgl','2017-07-14 15:54:06','','在线登录','192.168.1.20'),(339,'13b4cf8b4c104fb0bc152d1aba71fc21','rgl','2017-07-14 16:16:47','','在线登录','192.168.1.20'),(340,'13b4cf8b4c104fb0bc152d1aba71fc21','rgl','2017-07-25 09:45:08','','在线登录','192.168.1.20'),(341,'13b4cf8b4c104fb0bc152d1aba71fc21','rgl','2017-07-25 09:47:14','','在线退出','192.168.1.20'),(342,'13b4cf8b4c104fb0bc152d1aba71fc21','rgl','2017-07-25 09:51:41','','在线登录','192.168.1.20'),(343,'13b4cf8b4c104fb0bc152d1aba71fc21','rgl','2017-07-25 09:53:22','','在线退出','192.168.1.20'),(344,'13b4cf8b4c104fb0bc152d1aba71fc21','rgl','2017-07-25 09:54:11','','在线登录','192.168.1.20'),(345,'13b4cf8b4c104fb0bc152d1aba71fc21','rgl','2017-07-25 10:10:37','','在线退出','192.168.1.20'),(346,'13b4cf8b4c104fb0bc152d1aba71fc21','rgl','2017-07-25 10:25:53','','在线登录','192.168.1.20'),(347,'66835c8ea6264fdc9d7268d1d3f03c9e','zd','2017-07-25 13:57:09','','在线登录','192.168.0.6'),(348,'66835c8ea6264fdc9d7268d1d3f03c9e','zd','2017-07-25 16:06:14','','在线退出','192.168.0.6'),(349,'13b4cf8b4c104fb0bc152d1aba71fc21','rgl','2017-07-25 16:37:22','','在线登录','192.168.1.20'),(350,'13b4cf8b4c104fb0bc152d1aba71fc21','rgl','2017-07-26 10:25:36','','在线登录','192.168.1.20'),(351,'13b4cf8b4c104fb0bc152d1aba71fc21','rgl','2017-07-26 10:26:01','','在线退出','192.168.1.20'),(352,'13b4cf8b4c104fb0bc152d1aba71fc21','rgl','2017-07-26 13:17:18','','在线登录','192.168.1.20'),(353,'13b4cf8b4c104fb0bc152d1aba71fc21','rgl','2017-07-26 13:18:34','','在线退出','192.168.1.20'),(354,'13b4cf8b4c104fb0bc152d1aba71fc21','rgl','2017-07-26 13:27:23','','在线登录','192.168.1.20'),(355,'13b4cf8b4c104fb0bc152d1aba71fc21','rgl','2017-07-26 13:32:22','','在线退出','192.168.1.20'),(356,'fb761ca9a19b4517a7ebb1ef8e82bbe6','18600841009','2017-07-26 13:32:45','','在线登录','192.168.1.20'),(357,'fb761ca9a19b4517a7ebb1ef8e82bbe6','18600841009','2017-07-26 13:34:38','','在线退出','192.168.1.20'),(358,'fb761ca9a19b4517a7ebb1ef8e82bbe6','18600841009','2017-07-26 13:34:54','','在线登录','192.168.1.20'),(359,'fb761ca9a19b4517a7ebb1ef8e82bbe6','18600841009','2017-07-26 13:36:19','','在线退出','192.168.1.20'),(360,'78e8d4dff34248c0b3e7aea3ef598d3d','18600841009','2017-07-26 13:48:13','','在线登录','192.168.1.20'),(361,'13b4cf8b4c104fb0bc152d1aba71fc21','rgl','2017-07-26 14:02:59','','在线登录','192.168.1.20'),(362,'28ff8af179174d66973ca5e28b5c1884','18600841009','2017-07-26 14:30:28','','在线退出','192.168.1.20'),(363,'13b4cf8b4c104fb0bc152d1aba71fc21','rgl','2017-07-26 14:30:55','','在线登录','192.168.1.20'),(364,'13b4cf8b4c104fb0bc152d1aba71fc21','rgl','2017-07-26 14:30:56','','在线退出','192.168.1.20'),(365,'13b4cf8b4c104fb0bc152d1aba71fc21','rgl','2017-07-26 14:32:38','','在线登录','192.168.1.20'),(366,'13b4cf8b4c104fb0bc152d1aba71fc21','rgl','2017-07-26 14:32:40','','在线退出','192.168.1.20'),(367,'13b4cf8b4c104fb0bc152d1aba71fc21','rgl','2017-07-26 14:32:47','','在线登录','192.168.1.20'),(368,'13b4cf8b4c104fb0bc152d1aba71fc21','rgl','2017-07-26 14:32:56','','在线退出','192.168.1.20'),(369,'13b4cf8b4c104fb0bc152d1aba71fc21','rgl','2017-07-26 14:33:08','','在线登录','192.168.1.20'),(370,'13b4cf8b4c104fb0bc152d1aba71fc21','rgl','2017-07-26 14:36:14','','在线退出','192.168.1.20'),(371,'13b4cf8b4c104fb0bc152d1aba71fc21','rgl','2017-07-26 15:28:37','','在线登录','192.168.1.20'),(372,'13b4cf8b4c104fb0bc152d1aba71fc21','rgl','2017-07-26 15:35:39','','在线登录','192.168.1.20'),(373,'13b4cf8b4c104fb0bc152d1aba71fc21','rgl','2017-07-26 15:35:40','','在线退出','192.168.1.20'),(374,'85bf60dbd63b4085b6b253951be9e94c','18600841009','2017-07-26 15:36:20','','在线退出','192.168.1.20'),(375,'85bf60dbd63b4085b6b253951be9e94c','18600841009','2017-07-26 15:46:24','','在线登录','192.168.1.20'),(376,'13b4cf8b4c104fb0bc152d1aba71fc21','rgl','2017-07-26 16:05:48','','在线登录','192.168.1.20'),(377,'13b4cf8b4c104fb0bc152d1aba71fc21','rgl','2017-07-26 16:13:10','','在线登录','192.168.1.20'),(378,'13b4cf8b4c104fb0bc152d1aba71fc21','rgl','2017-07-26 16:14:40','','在线登录','192.168.1.20'),(379,'13b4cf8b4c104fb0bc152d1aba71fc21','rgl','2017-07-26 16:24:03','','在线登录','192.168.1.20'),(380,'66835c8ea6264fdc9d7268d1d3f03c9e','zd','2017-07-26 16:24:13','','在线登录','192.168.0.6'),(381,'13b4cf8b4c104fb0bc152d1aba71fc21','rgl','2017-07-26 16:25:04','','在线登录','192.168.1.20'),(382,'66835c8ea6264fdc9d7268d1d3f03c9e','zd','2017-07-26 16:29:27','','在线登录','192.168.0.6'),(383,'66835c8ea6264fdc9d7268d1d3f03c9e','zd','2017-07-26 16:35:56','','在线登录','192.168.0.6'),(384,'13b4cf8b4c104fb0bc152d1aba71fc21','rgl','2017-07-26 16:36:37','','在线登录','192.168.1.20'),(385,'13b4cf8b4c104fb0bc152d1aba71fc21','rgl','2017-07-26 17:30:44','','在线登录','192.168.1.20'),(386,'66835c8ea6264fdc9d7268d1d3f03c9e','zd','2017-07-26 17:36:52','','在线登录','192.168.0.6'),(387,'13b4cf8b4c104fb0bc152d1aba71fc21','rgl','2017-07-26 17:40:13','','在线登录','192.168.1.20'),(388,'13b4cf8b4c104fb0bc152d1aba71fc21','rgl','2017-07-26 18:08:07','','在线登录','192.168.1.20'),(389,'13b4cf8b4c104fb0bc152d1aba71fc21','rgl','2017-07-27 08:55:17','','在线登录','192.168.1.20'),(390,'13b4cf8b4c104fb0bc152d1aba71fc21','rgl','2017-07-27 09:01:33','','在线退出','192.168.1.20'),(391,'13b4cf8b4c104fb0bc152d1aba71fc21','rgl','2017-07-27 09:03:12','','在线登录','192.168.1.20'),(392,'13b4cf8b4c104fb0bc152d1aba71fc21','rgl','2017-07-27 09:04:47','','在线登录','192.168.1.20'),(393,'66835c8ea6264fdc9d7268d1d3f03c9e','zd','2017-07-27 09:29:07','','在线登录','192.168.0.6'),(394,'66835c8ea6264fdc9d7268d1d3f03c9e','zd','2017-07-27 09:33:26','','在线退出','192.168.0.6'),(395,'66835c8ea6264fdc9d7268d1d3f03c9e','zd','2017-07-27 09:34:03','','在线登录','192.168.0.6'),(396,'13b4cf8b4c104fb0bc152d1aba71fc21','rgl','2017-07-27 12:54:13','','在线登录','192.168.1.20'),(397,'66835c8ea6264fdc9d7268d1d3f03c9e','zd','2017-07-27 13:12:51','','在线登录','192.168.0.6'),(398,'13b4cf8b4c104fb0bc152d1aba71fc21','rgl','2017-07-27 13:21:55','','在线登录','192.168.1.20'),(399,'13b4cf8b4c104fb0bc152d1aba71fc21','rgl','2017-07-27 13:25:42','','在线登录','192.168.1.20'),(400,'13b4cf8b4c104fb0bc152d1aba71fc21','rgl','2017-07-27 13:33:02','','在线登录','192.168.1.20'),(401,'66835c8ea6264fdc9d7268d1d3f03c9e','zd','2017-07-27 13:46:39','','在线登录','192.168.0.6'),(402,'13b4cf8b4c104fb0bc152d1aba71fc21','rgl','2017-07-27 13:47:26','','在线登录','192.168.1.20'),(403,'13b4cf8b4c104fb0bc152d1aba71fc21','rgl','2017-07-27 13:48:05','','在线退出','192.168.1.20'),(404,'85bf60dbd63b4085b6b253951be9e94c','18600841009','2017-07-27 13:48:16','','在线登录','192.168.1.20'),(405,'85bf60dbd63b4085b6b253951be9e94c','18600841009','2017-07-27 14:16:50','','在线登录','192.168.1.20'),(406,'85bf60dbd63b4085b6b253951be9e94c','18600841009','2017-07-27 14:57:31','','在线登录','192.168.1.20'),(407,'85bf60dbd63b4085b6b253951be9e94c','18600841009','2017-07-27 15:01:27','','在线登录','192.168.1.20'),(408,'85bf60dbd63b4085b6b253951be9e94c','18600841009','2017-07-27 15:04:21','','在线登录','192.168.1.20'),(409,'85bf60dbd63b4085b6b253951be9e94c','18600841009','2017-07-27 15:08:47','','在线登录','192.168.1.20'),(410,'85bf60dbd63b4085b6b253951be9e94c','18600841009','2017-07-27 15:17:17','','在线登录','192.168.1.20'),(411,'85bf60dbd63b4085b6b253951be9e94c','18600841009','2017-07-27 15:18:29','','在线登录','192.168.1.20'),(412,'85bf60dbd63b4085b6b253951be9e94c','18600841009','2017-07-27 15:35:12','','在线登录','192.168.1.20'),(413,'85bf60dbd63b4085b6b253951be9e94c','18600841009','2017-07-27 15:47:12','','在线登录','192.168.1.20'),(414,'85bf60dbd63b4085b6b253951be9e94c','18600841009','2017-07-27 15:56:38','','在线退出','192.168.1.20'),(415,'85bf60dbd63b4085b6b253951be9e94c','18600841009','2017-07-27 15:56:43','','在线登录','192.168.1.20'),(416,'85bf60dbd63b4085b6b253951be9e94c','18600841009','2017-07-27 16:20:22','','在线登录','192.168.1.20'),(417,'85bf60dbd63b4085b6b253951be9e94c','18600841009','2017-07-27 16:23:03','','在线退出','192.168.1.20'),(418,'85bf60dbd63b4085b6b253951be9e94c','18600841009','2017-07-27 16:23:15','','在线登录','192.168.1.20'),(419,'85bf60dbd63b4085b6b253951be9e94c','18600841009','2017-07-27 16:29:08','','在线登录','192.168.1.20'),(420,'85bf60dbd63b4085b6b253951be9e94c','18600841009','2017-07-27 16:31:52','','在线登录','192.168.1.20'),(421,'85bf60dbd63b4085b6b253951be9e94c','18600841009','2017-07-27 16:33:16','','在线登录','192.168.1.20'),(422,'85bf60dbd63b4085b6b253951be9e94c','renguoliang','2017-07-27 16:33:41','','在线退出','192.168.1.20'),(423,'85bf60dbd63b4085b6b253951be9e94c','renguoliang','2017-07-27 16:33:53','','在线登录','192.168.1.20'),(424,'85bf60dbd63b4085b6b253951be9e94c','renguoliang','2017-07-27 16:36:40','','在线登录','192.168.1.20'),(425,'85bf60dbd63b4085b6b253951be9e94c','renguoliang','2017-07-27 18:05:18','','在线登录','192.168.1.20'),(426,'85bf60dbd63b4085b6b253951be9e94c','renguoliang','2017-07-27 18:09:12','','在线登录','192.168.1.20'),(427,'85bf60dbd63b4085b6b253951be9e94c','renguoliang','2017-07-28 08:57:34','','在线登录','192.168.1.20'),(428,'85bf60dbd63b4085b6b253951be9e94c','renguoliang','2017-07-28 09:00:21','','在线登录','192.168.1.20'),(429,'85bf60dbd63b4085b6b253951be9e94c','renguoliang','2017-07-28 09:13:08','','在线登录','192.168.1.20'),(430,'85bf60dbd63b4085b6b253951be9e94c','renguoliang','2017-07-28 09:24:06','','在线登录','192.168.1.20'),(431,'85bf60dbd63b4085b6b253951be9e94c','renguoliang','2017-07-28 09:29:12','','在线登录','192.168.1.20'),(432,'85bf60dbd63b4085b6b253951be9e94c','renguoliang','2017-07-28 09:30:31','','在线登录','192.168.1.20'),(433,'85bf60dbd63b4085b6b253951be9e94c','renguoliang','2017-07-28 09:34:33','','在线登录','192.168.1.20'),(434,'66835c8ea6264fdc9d7268d1d3f03c9e','zd','2017-07-28 09:41:15','','在线登录','192.168.0.6'),(435,'85bf60dbd63b4085b6b253951be9e94c','renguoliang','2017-07-28 09:48:56','','在线登录','192.168.1.20'),(436,'85bf60dbd63b4085b6b253951be9e94c','renguoliang','2017-07-28 11:53:02','','在线登录','192.168.1.20'),(437,'85bf60dbd63b4085b6b253951be9e94c','renguoliang','2017-07-28 12:07:16','','在线登录','192.168.1.20');

#
# Source for table "book"
#

DROP TABLE IF EXISTS `book`;
CREATE TABLE `book` (
  `ID` int(10) NOT NULL AUTO_INCREMENT,
  `book_name` varchar(50) DEFAULT NULL,
  `author` varchar(30) DEFAULT NULL,
  `cover_img` varchar(50) DEFAULT NULL,
  `home_img` varchar(50) DEFAULT NULL,
  `introducation` varchar(20000) DEFAULT NULL,
  `review` int(1) DEFAULT NULL,
  `status_hire` int(10) DEFAULT NULL,
  `type_zu_shou` int(1) NOT NULL,
  `upload_time` date DEFAULT NULL,
  `stadard_number` varchar(13) DEFAULT NULL,
  `delete_flag` int(1) DEFAULT NULL,
  `isbn` varchar(50) DEFAULT NULL,
  `reasons` varchar(255) DEFAULT NULL,
  PRIMARY KEY (`ID`)
) ENGINE=InnoDB AUTO_INCREMENT=13 DEFAULT CHARSET=utf8;

#
# Data for table "book"
#

INSERT INTO `book` VALUES (1,'GitHub入门与实践','[日] 大塚弘记,','https://img1.doubanio.com/lpic/s29237757.jpg',NULL,'本书从Git的基本知识和操作方法入手，详细介绍了GitHub的各种功能，GitHub与其他工具或服务的协作，使用GitHub的开发流程以及如何将GitHub引入到企业中。在讲解GitHub的代表功能Pull Request时，本书专门搭建了供各位读者实践的仓库，邀请各位读者进行Pull Request并共同维护。',1,30,0,'2017-06-27','80',0,'978-7-115-39409-5','十分好看'),(2,'HTML5权威指南','[美] Adam Freeman,','https://img3.doubanio.com/lpic/s27169241.jpg',NULL,'《HTML5 权威指南》是系统学习网页设计的权威参考图书。本书分为五部分：第一部分介绍学习本书的预备知识和HTML、CSS 和JavaScript 的最新进展；第二部分讨论HTML 元素，并详细说明了HTML5中新增和修改的元素；第三部分阐述CSS，涵盖了所有控制内容样式的CSS 选择器和属性，并辅以大量代码示例和图示；第四部分介绍DOM，剖析如何用JavaScript 操纵HTML 内容；第五部分讲解Ajax、多媒体和canvas 元素等HTML5 高级特性。\n本书面向初学者和中等水平Web 开发人员，是牢固掌握HTML5、CSS3 和JavaScript 的必读之作。',1,40,0,'2017-06-27','90',0,NULL,'十分好看'),(3,'GitHub入门与实践','[日] 大塚弘记,','https://img1.doubanio.com/lpic/s29237757.jpg',NULL,'本书从Git的基本知识和操作方法入手，详细介绍了GitHub的各种功能，GitHub与其他工具或服务的协作，使用GitHub的开发流程以及如何将GitHub引入到企业中。在讲解GitHub的代表功能Pull Request时，本书专门搭建了供各位读者实践的仓库，邀请各位读者进行Pull Request并共同维护。',1,50,1,'2017-07-07','100',0,'978-7-115-39409-5','十分好看'),(4,'GitHub入门与实践','[日] 大塚弘记,','https://img1.doubanio.com/lpic/s29237757.jpg',NULL,'本书从Git的基本知识和操作方法入手，详细介绍了GitHub的各种功能，GitHub与其他工具或服务的协作，使用GitHub的开发流程以及如何将GitHub引入到企业中。在讲解GitHub的代表功能Pull Request时，本书专门搭建了供各位读者实践的仓库，邀请各位读者进行Pull Request并共同维护。',1,0,0,'2017-07-13',NULL,0,NULL,'十分好看'),(5,'GitHub入门与实践','[日] 大塚弘记,','https://img1.doubanio.com/lpic/s29237757.jpg',NULL,'本书从Git的基本知识和操作方法入手，详细介绍了GitHub的各种功能，GitHub与其他工具或服务的协作，使用GitHub的开发流程以及如何将GitHub引入到企业中。在讲解GitHub的代表功能Pull Request时，本书专门搭建了供各位读者实践的仓库，邀请各位读者进行Pull Request并共同维护。',1,0,0,'2017-07-13',NULL,0,NULL,'十分好看'),(6,'Node.js 实战','赵坤,寸志,雷宗民,吴中骅,','https://img1.doubanio.com/lpic/s27261368.jpg',NULL,'《Node.js 实战（双色）》通过8 个实例讲解了Node.js 在实战开发中的应用，涉及Node.js 常用框架、非关系型数据库、关系型数据库、运维命令和网络安全等内容。章节按照从简单到复杂的难度排序，每一章都通过一个有趣的实例指引读者从头开发一个应用，让读者可以循序渐进地学习Node.js，以及在实战开发中的编程技巧。\n《Node.js 实战（双色）》面向的是有一定Node.js 基础的读者，建议读者把本书当作入门书和进阶书之间的过渡书籍来阅读。当然，《Node.js 实战（双色）》也适合那些有其他服务器编程语言基础，并且想尝试Node.js 新鲜技术的人阅读。\n编辑推荐\n因为CNode社区点击率颇高、粉丝数万的《一起学node.js》，我认识了《Node.js实战》这本书的几位作者，他们在CNode社区内的贡献、与粉丝跟帖及回复频率，文章更新速度，让我确定了与其合作的想法。很高兴，《Node.js实战》没有成为教条式的入门级别，而是跳出Node.js入门的圈子，真正进入Node.js实战层次。《Node.js实战》的内容架构也是由简入难的，Node.js入门...',1,0,0,'2017-07-13',NULL,0,NULL,'十分好看'),(7,'GitHub入门与实践','[日] 大塚弘记,','https://img1.doubanio.com/lpic/s29237757.jpg',NULL,'本书从Git的基本知识和操作方法入手，详细介绍了GitHub的各种功能，GitHub与其他工具或服务的协作，使用GitHub的开发流程以及如何将GitHub引入到企业中。在讲解GitHub的代表功能Pull Request时，本书专门搭建了供各位读者实践的仓库，邀请各位读者进行Pull Request并共同维护。',1,0,0,'2017-07-13',NULL,0,NULL,'十分好看'),(8,'GitHub入门与实践','[日] 大塚弘记,','https://img1.doubanio.com/lpic/s29237757.jpg',NULL,'本书从Git的基本知识和操作方法入手，详细介绍了GitHub的各种功能，GitHub与其他工具或服务的协作，使用GitHub的开发流程以及如何将GitHub引入到企业中。在讲解GitHub的代表功能Pull Request时，本书专门搭建了供各位读者实践的仓库，邀请各位读者进行Pull Request并共同维护。',1,0,0,'2017-07-13',NULL,0,NULL,'十分好看'),(9,'GitHub入门与实践','[日] 大塚弘记,','https://img1.doubanio.com/lpic/s29237757.jpg',NULL,'本书从Git的基本知识和操作方法入手，详细介绍了GitHub的各种功能，GitHub与其他工具或服务的协作，使用GitHub的开发流程以及如何将GitHub引入到企业中。在讲解GitHub的代表功能Pull Request时，本书专门搭建了供各位读者实践的仓库，邀请各位读者进行Pull Request并共同维护。',1,0,0,'2017-07-13',NULL,0,'978-7-115-39409-5','十分好看'),(10,'Node.js 实战','赵坤,寸志,雷宗民,吴中骅,','https://img1.doubanio.com/lpic/s27261368.jpg',NULL,'《Node.js 实战（双色）》通过8 个实例讲解了Node.js 在实战开发中的应用，涉及Node.js 常用框架、非关系型数据库、关系型数据库、运维命令和网络安全等内容。章节按照从简单到复杂的难度排序，每一章都通过一个有趣的实例指引读者从头开发一个应用，让读者可以循序渐进地学习Node.js，以及在实战开发中的编程技巧。\n《Node.js 实战（双色）》面向的是有一定Node.js 基础的读者，建议读者把本书当作入门书和进阶书之间的过渡书籍来阅读。当然，《Node.js 实战（双色）》也适合那些有其他服务器编程语言基础，并且想尝试Node.js 新鲜技术的人阅读。\n编辑推荐\n因为CNode社区点击率颇高、粉丝数万的《一起学node.js》，我认识了《Node.js实战》这本书的几位作者，他们在CNode社区内的贡献、与粉丝跟帖及回复频率，文章更新速度，让我确定了与其合作的想法。很高兴，《Node.js实战》没有成为教条式的入门级别，而是跳出Node.js入门的圈子，真正进入Node.js实战层次。《Node.js实战》的内容架构也是由简入难的，Node.js入门...',1,0,0,'2017-07-13',NULL,0,'978-7-121-22676-2','十分好看'),(11,'Node.js 实战','赵坤,寸志,雷宗民,吴中骅,','https://img1.doubanio.com/lpic/s27261368.jpg',NULL,'《Node.js 实战（双色）》通过8 个实例讲解了Node.js 在实战开发中的应用，涉及Node.js 常用框架、非关系型数据库、关系型数据库、运维命令和网络安全等内容。章节按照从简单到复杂的难度排序，每一章都通过一个有趣的实例指引读者从头开发一个应用，让读者可以循序渐进地学习Node.js，以及在实战开发中的编程技巧。\n《Node.js 实战（双色）》面向的是有一定Node.js 基础的读者，建议读者把本书当作入门书和进阶书之间的过渡书籍来阅读。当然，《Node.js 实战（双色）》也适合那些有其他服务器编程语言基础，并且想尝试Node.js 新鲜技术的人阅读。\n编辑推荐\n因为CNode社区点击率颇高、粉丝数万的《一起学node.js》，我认识了《Node.js实战》这本书的几位作者，他们在CNode社区内的贡献、与粉丝跟帖及回复频率，文章更新速度，让我确定了与其合作的想法。很高兴，《Node.js实战》没有成为教条式的入门级别，而是跳出Node.js入门的圈子，真正进入Node.js实战层次。《Node.js实战》的内容架构也是由简入难的，Node.js入门...',1,0,0,'2017-07-13',NULL,0,'978-7-121-22676-2','十分好看'),(12,'Spring MVC学习指南','戴克 (Paul Deck),','https://img3.doubanio.com/lpic/s29405831.jpg',NULL,'Spring MVC是Spring框架中用于Web应用快速开发的一个模块，其中的MVC是Model-View-Controller的缩写。作为当今业界最主流的Web开发框架，Spring MVC已经成为当前最热门的开发技能，同时也广泛用于桌面开发领域。\n本书重在讲述如何通过Spring MVC来开发基于Java的Web应用。全书共计12章，分别从Spring框架、模型2和MVC模式、Spring MVC介绍、控制器、数据绑定和表单标签库、传唤器和格式化、验证器、表达式语言、JSTL、国际化、上传文件、下载文件多个角度介绍了Spring MVC。除此之外，本书还配有丰富的示例以供读者练习和参考。\n本书是一本Spring MVC的教程，内容细致、讲解清晰，非常适合Web开发者和想要使用Spring MVC开发基于Java的Web应用的读者阅读。',1,0,0,'2017-07-26',NULL,0,'978-7-115-38639-7','十分好看');

#
# Source for table "book_comment"
#

DROP TABLE IF EXISTS `book_comment`;
CREATE TABLE `book_comment` (
  `ID` int(10) NOT NULL AUTO_INCREMENT,
  `book_id` int(10) NOT NULL,
  `user_id` char(32) NOT NULL DEFAULT '0',
  `content` varchar(300) DEFAULT NULL,
  `date_comment` char(20) DEFAULT NULL,
  `delete_flag` int(11) DEFAULT NULL,
  PRIMARY KEY (`ID`)
) ENGINE=InnoDB AUTO_INCREMENT=2 DEFAULT CHARSET=utf8;

#
# Data for table "book_comment"
#

INSERT INTO `book_comment` VALUES (2,12,'85bf60dbd63b4085b6b253951be9e94c','测试评论','2017-07-28 09:29:31',0),(3,12,'85bf60dbd63b4085b6b253951be9e94c','测试评论2条','2017-07-28 09:34:59',0),(4,12,'85bf60dbd63b4085b6b253951be9e94c','测试评论3条','2017-07-28 09:36:08',0);

#
# Source for table "book_comment_comment"
#

DROP TABLE IF EXISTS `book_comment_comment`;
CREATE TABLE `book_comment_comment` (
  `ID` int(10) NOT NULL AUTO_INCREMENT,
  `book_comment_id` int(10) NOT NULL,
  `user_id` char(32) NOT NULL DEFAULT '0',
  `comment_content` varchar(100) DEFAULT NULL,
  `comment_time` date DEFAULT NULL,
  `comment_user` char(32) DEFAULT NULL,
  `delete_flag` int(1) DEFAULT NULL,
  PRIMARY KEY (`ID`)
) ENGINE=InnoDB DEFAULT CHARSET=utf8;

#
# Data for table "book_comment_comment"
#

INSERT INTO `book_comment_comment` VALUES (3,3,'85bf60dbd63b4085b6b253951be9e94c','发','2017-07-28','85bf60dbd63b4085b6b253951be9e94c',0),(4,3,'85bf60dbd63b4085b6b253951be9e94c','封禅大典','2017-07-28','85bf60dbd63b4085b6b253951be9e94c',0),(5,3,'85bf60dbd63b4085b6b253951be9e94c','发多少','2017-07-28','85bf60dbd63b4085b6b253951be9e94c',0);

#
# Source for table "book_type"
#

DROP TABLE IF EXISTS `book_type`;
CREATE TABLE `book_type` (
  `ID` int(10) NOT NULL AUTO_INCREMENT,
  `type` varchar(20) DEFAULT NULL,
  PRIMARY KEY (`ID`)
) ENGINE=InnoDB AUTO_INCREMENT=17 DEFAULT CHARSET=utf8;

#
# Data for table "book_type"
#

INSERT INTO `book_type` VALUES (1,'生活'),(2,'文艺'),(3,'教育'),(4,'童书'),(5,'财经'),(6,'管理'),(7,'计算机'),(8,'医学'),(9,'农业'),(10,'科普'),(11,'工业'),(12,'历史'),(13,'军事'),(14,'法律'),(15,'心理学'),(16,'小说');

#
# Source for table "chatting_records"
#

DROP TABLE IF EXISTS `chatting_records`;
CREATE TABLE `chatting_records` (
  `id` int(10) NOT NULL AUTO_INCREMENT,
  `post_messages` varchar(100) DEFAULT NULL,
  `status` int(1) DEFAULT NULL,
  `time` date DEFAULT NULL,
  `transmit_id` int(10) DEFAULT NULL,
  `receive_id` int(10) DEFAULT NULL,
  `delete_flag` int(1) DEFAULT NULL,
  PRIMARY KEY (`id`)
) ENGINE=InnoDB DEFAULT CHARSET=utf8;

#
# Data for table "chatting_records"
#


#
# Source for table "city"
#

DROP TABLE IF EXISTS `city`;
CREATE TABLE `city` (
  `ID` int(10) NOT NULL AUTO_INCREMENT,
  `city_name` varchar(30) NOT NULL,
  PRIMARY KEY (`ID`)
) ENGINE=InnoDB DEFAULT CHARSET=utf8;

#
# Data for table "city"
#


#
# Source for table "order"
#

DROP TABLE IF EXISTS `order`;
CREATE TABLE `order` (
  `ID` int(10) NOT NULL AUTO_INCREMENT,
  `order_code` char(10) NOT NULL,
  `user_id` int(10) NOT NULL,
  `book_id` int(10) NOT NULL,
  `priceall` decimal(5,2) DEFAULT NULL,
  `place_time` date DEFAULT NULL,
  `receive_time` date DEFAULT NULL,
  `order_info` varchar(50) DEFAULT NULL,
  `order_status` int(1) DEFAULT NULL,
  `dispatching_site` varchar(100) DEFAULT NULL,
  `dispatching_manner` int(1) DEFAULT NULL,
  `integral` char(10) DEFAULT NULL,
  `type_zu_shou` int(1) DEFAULT NULL,
  `number` char(10) DEFAULT NULL,
  `remarks` varchar(100) DEFAULT NULL,
  `delete_flag` int(1) DEFAULT NULL,
  PRIMARY KEY (`ID`)
) ENGINE=InnoDB DEFAULT CHARSET=utf8;

#
# Data for table "order"
#


#
# Source for table "price"
#

DROP TABLE IF EXISTS `price`;
CREATE TABLE `price` (
  `ID` int(10) NOT NULL AUTO_INCREMENT,
  `price_original` decimal(5,2) DEFAULT NULL,
  `price_sell` decimal(5,2) DEFAULT NULL,
  `price_hire` decimal(5,2) DEFAULT NULL,
  PRIMARY KEY (`ID`)
) ENGINE=InnoDB AUTO_INCREMENT=5 DEFAULT CHARSET=utf8;

#
# Data for table "price"
#

INSERT INTO `price` VALUES (1,32.20,20.12,3.50),(2,89.00,62.00,5.00),(3,126.00,70.00,6.50),(4,189.00,89.00,5.00);

#
# Source for table "shopping_cart"
#

DROP TABLE IF EXISTS `shopping_cart`;
CREATE TABLE `shopping_cart` (
  `id` int(10) NOT NULL AUTO_INCREMENT,
  `cart_code` char(10) NOT NULL,
  `user_id` int(10) NOT NULL,
  `create_date` date DEFAULT NULL,
  `cart_status` int(1) DEFAULT NULL,
  `book_id` int(10) DEFAULT NULL,
  `quantity` int(10) DEFAULT NULL,
  `price` decimal(5,2) DEFAULT NULL,
  `delete_flag` int(1) DEFAULT NULL,
  PRIMARY KEY (`id`)
) ENGINE=InnoDB DEFAULT CHARSET=utf8;

#
# Data for table "shopping_cart"
#


#
# Source for table "subway"
#

DROP TABLE IF EXISTS `subway`;
CREATE TABLE `subway` (
  `id` int(10) NOT NULL AUTO_INCREMENT,
  `metro_line` char(10) DEFAULT NULL,
  `metro_name` varchar(20) DEFAULT NULL,
  `delete_flag` int(1) DEFAULT NULL,
  PRIMARY KEY (`id`)
) ENGINE=InnoDB DEFAULT CHARSET=utf8;

#
# Data for table "subway"
#


#
# Source for table "sys_department"
#

DROP TABLE IF EXISTS `sys_department`;
CREATE TABLE `sys_department` (
  `DEPARTMENT_ID` varchar(100) NOT NULL,
  `NAME` varchar(30) DEFAULT NULL,
  `PARENT_ID` varchar(100) DEFAULT NULL,
  `REMARK` varchar(255) DEFAULT NULL,
  `CHIEFNAME` varchar(30) DEFAULT NULL,
  `CHIEFPHONE` varchar(50) DEFAULT NULL,
  `ADDRESS` varchar(255) DEFAULT NULL,
  PRIMARY KEY (`DEPARTMENT_ID`)
) ENGINE=InnoDB DEFAULT CHARSET=utf8;

#
# Data for table "sys_department"
#


#
# Source for table "sys_dept_user"
#

DROP TABLE IF EXISTS `sys_dept_user`;
CREATE TABLE `sys_dept_user` (
  `ID` varchar(100) NOT NULL DEFAULT '',
  `NAME` varchar(100) DEFAULT NULL,
  `PARENT_ID` varchar(100) DEFAULT NULL,
  `TYPE` char(1) DEFAULT NULL,
  PRIMARY KEY (`ID`)
) ENGINE=InnoDB DEFAULT CHARSET=utf8;

#
# Data for table "sys_dept_user"
#

INSERT INTO `sys_dept_user` VALUES ('2a7db171b75645a2b4d0ab1fcc1e1e2b','周永超','','1'),('31781c84eaf94f21bf1e8546cc2b82bd','高龙','','1'),('54d3cfd8d6dc40bd9621faeb640d7d80','姚丽霞','','1'),('7bf0cc3d107c4f56ac83165585ef78b9','翁文杰','','1'),('820ffc28c2e74ac396e7fcfd416d0367','张丁','','1'),('86b1ac69c90d41bd9e1eb904eec55c49','高阳','','1'),('a4b1667c6d0841da8041cf35d9c77cba','赵伟天','','1'),('be1868e5d58a4be7a6215d4d460bb95c','李明','','1'),('d1b48db374f94ab3bec4c595b4959476','张绍良','','1'),('d23df27ba3c74d809ace532cc47a33d5','席琴琴','','1');

#
# Source for table "sys_menu"
#

DROP TABLE IF EXISTS `sys_menu`;
CREATE TABLE `sys_menu` (
  `MENU_ID` int(11) unsigned NOT NULL AUTO_INCREMENT,
  `MENU_NAME` varchar(255) DEFAULT NULL,
  `MENU_URL` varchar(255) DEFAULT NULL,
  `PARENT_ID` varchar(100) DEFAULT NULL,
  `MENU_ORDER` int(11) DEFAULT NULL,
  `MENU_ICON` varchar(60) DEFAULT NULL,
  `MENU_TYPE` varchar(10) DEFAULT NULL,
  `MENU_STATE` int(11) DEFAULT NULL,
  `ISQTMENU` varchar(10) DEFAULT NULL,
  PRIMARY KEY (`MENU_ID`)
) ENGINE=InnoDB AUTO_INCREMENT=55 DEFAULT CHARSET=utf8;

#
# Data for table "sys_menu"
#

INSERT INTO `sys_menu` VALUES (1,'系统管理','#','0',1,'menu-icon fa fa-desktop black','1',1,'0'),(3,'系统工具','#','0',3,'menu-icon fa fa-bell black','1',1,'0'),(5,'公告管理','#','0',5,'menu-icon fa fa-cog black','2',1,'0'),(6,'模板管理','#','0',6,'menu-icon fa fa-leaf black','4',1,'0'),(7,'页面控件','#','0',7,'menu-icon fa fa-gavel black','2',1,'0'),(8,'开发控件','#','0',8,'menu-icon fa fa-key black','2',1,'0'),(9,'用户管理','#','0',9,'menu-icon fa fa-users blue','3',1,'0'),(10,'运营管理信息','#','0',10,'menu-icon fa fa-calendar black','2',1,'0'),(12,'基础信息表','#','0',12,'menu-icon fa fa-film black','4',1,'0'),(13,'内容管理','#','0',13,'menu-icon fa fa-download black','4',1,'0'),(14,'消息管理','#','0',14,'menu-icon fa fa-leaf black','4',1,'0'),(15,'日志管理','#','0',15,'menu-icon fa fa-pencil-square-o black','2',1,'0'),(16,'信息管理','#','0',16,'menu-icon fa fa-leaf black','4',1,'0'),(17,'权限管理','role/toList','1',1,'menu-icon fa fa-lock black','1',1,'0'),(18,'角色(基础权限)','role.do','17',1,'menu-icon fa fa-key orange','1',1,'0'),(19,'菜单管理','menu/listAllMenu.do','1',2,'menu-icon fa fa-folder-open-o brown','1',1,'0'),(20,'系统用户  ','user/list.do','9',1,'menu-icon fa fa-leaf black','3',1,'0'),(21,'组织机构管理  ','department/listAllDepartment.do','1',3,'menu-icon fa fa-leaf black','1',1,'0'),(27,'课程管理','course/list','1',5,'menu-icon fa fa-leaf black','1',1,'0'),(28,'教师管理','teacher/list','1',6,'menu-icon fa fa-leaf black','1',1,'0'),(30,'成绩统计','course/statistics','1',8,'menu-icon fa fa-leaf black','1',1,'0'),(31,'奖项设置','prizes/list','1',9,'menu-icon fa fa-leaf black','1',1,'0'),(36,'大赛管理','contest/contestList','1',14,'menu-icon fa fa-leaf black','2',1,'0'),(37,'评课组管理','evaluationGroup/list','1',15,'menu-icon fa fa-leaf black','1',1,'0'),(38,'评委管理','rater/list','1',16,'menu-icon fa fa-leaf black','1',1,'0'),(40,'上课时间管理','classTime/management','1',17,'menu-icon fa fa-leaf black','1',1,'0'),(41,'年级管理','grade/list','1',18,'menu-icon fa fa-leaf black','1',1,'0'),(42,'地点管理','place/list','1',19,'menu-icon fa fa-leaf black','1',1,'0'),(43,'科目管理','subject/list','1',20,'menu-icon fa fa-leaf black','1',1,'0'),(45,'学校管理','school/list','1',21,'menu-icon fa fa-leaf black','1',1,'0'),(46,'评价模板','evaluationTemplate/list','1',22,'menu-icon fa fa-leaf black','1',1,'0'),(47,'用户管理','user/list.do','3',1,'menu-icon fa fa-leaf black','1',1,'0'),(48,'职称管理','titles/list','1',23,'menu-icon fa fa-leaf black','1',1,'0'),(49,'地区管理','area/provinceList','1',24,'menu-icon fa fa-leaf black','1',1,'0'),(50,'等级管理','level/list','1',25,'menu-icon fa fa-leaf black','1',1,'0'),(51,'课例管理','lessonClass/list','1',26,'menu-icon fa fa-leaf black','1',1,'0'),(52,'白板管理','whiteboardBrand/list','1',27,'menu-icon fa fa-leaf black','1',1,'0'),(53,'学段管理','middle/list','1',28,'menu-icon fa fa-leaf black','1',1,'0'),(54,'大赛联系人管理','contestContacts/list','1',29,'menu-icon fa fa-leaf black','1',1,'0');

#
# Source for table "sys_role"
#

DROP TABLE IF EXISTS `sys_role`;
CREATE TABLE `sys_role` (
  `ROLE_ID` varchar(100) NOT NULL DEFAULT '',
  `ROLE_NAME` varchar(100) DEFAULT NULL,
  `RIGHTS` varchar(255) DEFAULT NULL,
  `PARENT_ID` varchar(100) DEFAULT NULL,
  `ADD_QX` varchar(255) DEFAULT NULL,
  `DEL_QX` varchar(255) DEFAULT NULL,
  `EDIT_QX` varchar(255) DEFAULT NULL,
  `CHA_QX` varchar(255) DEFAULT NULL,
  PRIMARY KEY (`ROLE_ID`)
) ENGINE=InnoDB DEFAULT CHARSET=utf8;

#
# Data for table "sys_role"
#

INSERT INTO `sys_role` VALUES ('0c1aa39f673247bf840c077a9ab81ec6','前台管理员','35166165053470698','0','140737622573066','140737488355336','11403266','140737894023178'),('3264c8e83d0248bb9e3ea6195b4c021','一级管理员','26440440775440362','0c1aa39f673247bf840c077a9ab81ec6','140737626765290','140737492547562','140737492547562','140737895200746'),('823fd4189e9e46359b218a0542c9fcbb','开发工程师','36010589983602666','0c1aa39f673247bf840c077a9ab81ec6','213907434','0','0','414056450'),('9265e9850036424bbf3f23fb60a78b7a','开发测试','809725220354026','a378ae9d2f6d43e48805c947e2902b32','213907434','','','414056450'),('a378ae9d2f6d43e48805c947e2902b32','测试组','810412415121386','0','406845418','140737489404424','140737489404424','140737895072266'),('b6dad2e43763498798bfe88bac473511','大赛管理员','16165504611778562','0','0','0','0','0');

#
# Source for table "sys_user"
#

DROP TABLE IF EXISTS `sys_user`;
CREATE TABLE `sys_user` (
  `USER_ID` varchar(50) NOT NULL DEFAULT '',
  `USERNAME` varchar(50) DEFAULT NULL,
  `PASSWORD` varchar(50) DEFAULT NULL,
  `NAME` varchar(50) DEFAULT NULL,
  `SEX` int(11) DEFAULT NULL,
  `BIRTH_DATE` varchar(10) DEFAULT NULL,
  `ADDRESS` varchar(100) DEFAULT NULL,
  `POSTCODE` varchar(50) DEFAULT NULL,
  `EMAIL` varchar(32) DEFAULT NULL,
  `PHONE` varchar(32) DEFAULT NULL,
  `PATH` varchar(100) DEFAULT NULL,
  `TYPE` int(11) DEFAULT NULL,
  `DESCRIPTION` varchar(255) DEFAULT NULL,
  `CREATE_DATE` varchar(255) DEFAULT NULL,
  `DEPT_ID` varchar(50) DEFAULT NULL,
  `LOGIN_KEY` varchar(100) DEFAULT NULL,
  PRIMARY KEY (`USER_ID`)
) ENGINE=InnoDB DEFAULT CHARSET=utf8;

#
# Data for table "sys_user"
#

INSERT INTO `sys_user` VALUES ('13b4cf8b4c104fb0bc152d1aba71fc21','rgl','123456','任国良',0,NULL,NULL,'0','','18023665985',NULL,0,'','2017-05-13 11:58:25','','9cf1e64ff40b8d62b4d60d34077205b76243ddf4'),('273e25a54c384ae0a510b4afca604f39','ZYC','577bdf3a59d0972ad918a38b30688440425717cc','周永超',0,NULL,NULL,'0','465465@qq.com','13000000000',NULL,0,'','2017-05-12 16:35:38','','b6e3506e2f5562c62b90dab2f2e3a43ad1abcaa3'),('32eba9a81a0d4bb7864fad7524390fe0','tengqiuli','577bdf3a59d0972ad918a38b30688440425717cc','藤秋莉',1,NULL,NULL,NULL,'','13693280581',NULL,0,'','2017-05-22 13:57:45','','2824cddd0f5c79aeed2cadccb8b8abd142d6992f'),('42b4f0d671c142698c6df69614186417','zwt','123456','赵伟天',0,NULL,NULL,NULL,'','15002115698',NULL,0,'','2017-05-13 11:57:29','a6c6695217ba4a4dbfe9f7e9d2c06730','f1914ca5bd709690d78ee2e08984b2b6e6484332'),('66835c8ea6264fdc9d7268d1d3f03c9e','zd','123456','张丁',1,NULL,NULL,NULL,'','15011152498',NULL,0,'','2017-05-22 13:56:59','','d407ce30df36cd305c082838f40595c580d9bbd6'),('69177258a06e4927b4639ab1684c3321','admin','123456','系统管理员',1,NULL,NULL,'0','QQ313596790@main.com','18788888888','20160713/8d9c46d2eeef4fff938273b38f8c5339.jpg',NULL,NULL,NULL,'a6c6695217ba4a4dbfe9f7e9d2c06730',NULL),('85bf60dbd63b4085b6b253951be9e94c','renguoliang','666666','任国良',1,NULL,NULL,NULL,NULL,'18600841009',NULL,NULL,NULL,NULL,NULL,NULL),('a272221100cd4ee895a7c3758017f446','chenmeiling','577bdf3a59d0972ad918a38b30688440425717cc','陈美玲',1,NULL,NULL,NULL,'','13901065495',NULL,0,'','2017-05-22 13:57:21','','46a0d6c77948cb8f99196e603db6fdd139e26001'),('ac88d702d1d24f40b47f4d41ca1f4d7f','etmrlm','577bdf3a59d0972ad918a38b30688440425717cc','李明',0,NULL,NULL,'0','','15002335658',NULL,0,'','2017-05-13 11:56:17','','7e61ba2f7391cefb446794a0d7f5242883716e63'),('c7882251cb79492c9d32eb3b199e3645','etmryj','577bdf3a59d0972ad918a38b30688440425717cc','杨晋',0,NULL,NULL,'0','','15023668698',NULL,0,'','2017-05-13 11:59:34','','c33b0bf9e31450030eadc125386d41a7c53fa0a9');

#
# Source for table "sys_user_role"
#

DROP TABLE IF EXISTS `sys_user_role`;
CREATE TABLE `sys_user_role` (
  `USERID` varchar(100) NOT NULL DEFAULT '',
  `ROLEID` varchar(100) NOT NULL DEFAULT '',
  PRIMARY KEY (`USERID`,`ROLEID`)
) ENGINE=InnoDB DEFAULT CHARSET=utf8;

#
# Data for table "sys_user_role"
#

INSERT INTO `sys_user_role` VALUES ('13b4cf8b4c104fb0bc152d1aba71fc21','0c1aa39f673247bf840c077a9ab81ec6'),('28ff8af179174d66973ca5e28b5c1884','0c1aa39f673247bf840c077a9ab81ec6'),('32eba9a81a0d4bb7864fad7524390fe0','b6dad2e43763498798bfe88bac473511'),('42b4f0d671c142698c6df69614186417','0c1aa39f673247bf840c077a9ab81ec6'),('66835c8ea6264fdc9d7268d1d3f03c9e','0c1aa39f673247bf840c077a9ab81ec6'),('85bf60dbd63b4085b6b253951be9e94c','0c1aa39f673247bf840c077a9ab81ec6'),('a272221100cd4ee895a7c3758017f446','b6dad2e43763498798bfe88bac473511'),('ac88d702d1d24f40b47f4d41ca1f4d7f','0c1aa39f673247bf840c077a9ab81ec6'),('ba259df89bb04569957079226bd95a6a','3264c8e83d0248bb9e3ea6195b4c021'),('c7882251cb79492c9d32eb3b199e3645','0c1aa39f673247bf840c077a9ab81ec6');

#
# Source for table "user_address"
#

DROP TABLE IF EXISTS `user_address`;
CREATE TABLE `user_address` (
  `id` int(10) NOT NULL AUTO_INCREMENT,
  `user_id` char(32) NOT NULL DEFAULT '0',
  `contacts` varchar(20) DEFAULT NULL,
  `mobile_phone` char(11) DEFAULT NULL,
  `door` int(10) DEFAULT NULL,
  `tier` int(10) DEFAULT NULL,
  `home_code` int(10) DEFAULT NULL,
  `coordinate_x` char(10) DEFAULT NULL,
  `coordinate_y` char(10) DEFAULT NULL,
  `location` varchar(100) DEFAULT NULL,
  PRIMARY KEY (`id`)
) ENGINE=InnoDB AUTO_INCREMENT=16 DEFAULT CHARSET=utf8;

#
# Data for table "user_address"
#

INSERT INTO `user_address` VALUES (4,'13b4cf8b4c104fb0bc152d1aba71fc23',NULL,NULL,NULL,0,NULL,'116.656589','40.856896','a'),(5,'13b4cf8b4c104fb0bc152d1aba71fc22',NULL,NULL,NULL,0,NULL,'121.491909','31.236235','北京市昌平区g6京藏高速'),(6,'13b4cf8b4c104fb0bc152d1aba71fc21','任国良12345678','18600841009',NULL,0,NULL,'121.491909','31.235235','北京SKP'),(8,'13b4cf8b4c104fb0bc152d1aba71fc21','任国良12','18600841009',NULL,0,NULL,'116.477087','39.969245','北京市朝阳区北京福楼法餐厅'),(9,'13b4cf8b4c104fb0bc152d1aba71fc21','任国良123','65465456',NULL,0,NULL,'116.25837','39.841938','北京市丰台区dfs coffeedining'),(10,'66835c8ea6264fdc9d7268d1d3f03c9e','战无吃v','10154545321',NULL,0,NULL,'116.46483','39.91218','北京市朝阳区cd视觉摄影(北京总店)'),(11,'66835c8ea6264fdc9d7268d1d3f03c9e','下而出','101345645',NULL,0,NULL,'116.409394','39.978375','北京市东城区北京ume国际影城(安贞店)'),(12,'66835c8ea6264fdc9d7268d1d3f03c9e','尺寸','101314561',NULL,0,NULL,'116.550658','39.793012','北京市通州区京东方显示技术公司'),(13,'66835c8ea6264fdc9d7268d1d3f03c9e','测测','01234512',NULL,0,NULL,'116.399307','39.879872','北京市西城区全国人大常委会办公厅人民来访接待室'),(14,'66835c8ea6264fdc9d7268d1d3f03c9e','CSV','115641231',NULL,0,NULL,'116.502993','40.250762','北京市顺义区下西市'),(15,'28ff8af179174d66973ca5e28b5c1884','任国良1','18600841009',NULL,0,NULL,'116.485241','39.91572','北京市朝阳区北京skp');

#
# Source for table "user_book"
#

DROP TABLE IF EXISTS `user_book`;
CREATE TABLE `user_book` (
  `id` int(10) NOT NULL AUTO_INCREMENT,
  `user_id` varchar(50) DEFAULT NULL,
  `book_id` int(10) DEFAULT NULL,
  `price_sell` int(5) DEFAULT NULL,
  `price_hire` int(5) DEFAULT NULL,
  PRIMARY KEY (`id`)
) ENGINE=InnoDB AUTO_INCREMENT=13 DEFAULT CHARSET=utf8;

#
# Data for table "user_book"
#

INSERT INTO `user_book` VALUES (4,'42b4f0d671c142698c6df69614186417',0,60,30),(5,'42b4f0d671c142698c6df69614186417',5,80,60),(6,'42b4f0d671c142698c6df69614186417',6,70,50),(7,'42b4f0d671c142698c6df69614186417',7,60,52),(8,'42b4f0d671c142698c6df69614186417',8,60,52),(9,'42b4f0d671c142698c6df69614186417',9,66,33),(10,'42b4f0d671c142698c6df69614186417',10,96,69),(11,'13b4cf8b4c104fb0bc152d1aba71fc21',11,188,88),(12,'13b4cf8b4c104fb0bc152d1aba71fc21',12,9,9);

/*!40111 SET SQL_NOTES=@OLD_SQL_NOTES */;
/*!40101 SET SQL_MODE=@OLD_SQL_MODE */;
/*!40101 SET CHARACTER_SET_CLIENT=@OLD_CHARACTER_SET_CLIENT */;
/*!40101 SET CHARACTER_SET_RESULTS=@OLD_CHARACTER_SET_RESULTS */;
/*!40101 SET COLLATION_CONNECTION=@OLD_COLLATION_CONNECTION */;
